MessageID,TopicID,ReplyTo,Position,Indent,UserID,UserName,Posted,IP,Edited,Flags,EditReason,IsModeratorChanged,DeleteReason,IsDeleted,IsApproved,BlogPostID,EditedBy
1,1,NULL,0,0,5,NULL,2011-06-27 18:23:40.810,10.1.2.52,NULL,30,NULL,0,NULL,1,1,,NULL
2,1,1,1,1,5,NULL,2011-06-27 18:24:46.030,10.1.2.52,NULL,30,NULL,0,NULL,1,1,NULL,NULL
3,2,NULL,0,0,7,NULL,2011-06-27 21:31:43.433,10.1.2.50,NULL,30,NULL,0,NULL,1,1,,NULL
4,1,2,2,2,7,NULL,2011-06-27 21:34:00.540,10.1.2.50,NULL,30,NULL,0,NULL,1,1,NULL,NULL
5,1,1,3,1,7,NULL,2011-06-27 21:36:57.993,10.1.2.50,NULL,30,NULL,1,,1,1,NULL,NULL
6,1,1,4,1,7,NULL,2011-06-27 21:41:00.103,10.1.2.50,NULL,30,NULL,0,NULL,1,1,NULL,NULL
7,2,3,1,1,7,NULL,2011-06-27 21:43:55.187,10.1.2.50,NULL,30,NULL,0,NULL,1,1,NULL,NULL
8,2,3,3,1,8,NULL,2011-06-28 13:43:54.253,10.0.0.169,NULL,30,NULL,1,,1,1,NULL,NULL
9,2,3,4,1,8,NULL,2011-06-28 13:45:47.160,10.0.0.169,NULL,30,NULL,0,NULL,1,1,NULL,NULL
10,3,NULL,0,0,8,NULL,2011-06-28 13:49:21.650,10.0.0.169,NULL,30,NULL,0,NULL,1,1,,NULL
11,2,7,2,2,8,NULL,2011-06-28 13:50:23.190,10.0.0.169,NULL,30,NULL,0,NULL,1,1,NULL,NULL
12,4,NULL,0,0,5,NULL,2011-06-28 14:04:34.107,10.1.2.47,NULL,30,NULL,0,NULL,1,1,,NULL
13,3,10,1,1,5,NULL,2011-06-28 14:05:36.830,10.1.2.47,NULL,30,NULL,0,NULL,1,1,NULL,NULL
14,3,10,2,1,5,NULL,2011-06-28 14:06:11.677,10.1.2.47,NULL,30,NULL,0,NULL,1,1,NULL,NULL
15,3,10,3,1,11,NULL,2011-06-30 20:50:51.190,10.1.2.72,NULL,30,NULL,0,NULL,1,1,NULL,NULL
16,3,10,4,1,10,NULL,2011-06-30 21:27:16.130,127.0.0.1,NULL,30,NULL,0,NULL,1,1,NULL,NULL
17,5,NULL,0,0,3,NULL,2011-06-30 21:34:03.457,10.1.2.48,NULL,30,NULL,0,NULL,1,1,,NULL
18,5,17,1,1,12,NULL,2011-06-30 21:36:06.797,10.1.2.48,NULL,30,NULL,0,NULL,1,1,NULL,NULL
19,3,10,5,1,10,NULL,2011-06-30 21:40:16.310,127.0.0.1,NULL,30,NULL,0,NULL,1,1,NULL,NULL
20,3,10,6,1,5,NULL,2011-06-30 21:53:06.280,127.0.0.1,NULL,30,NULL,0,NULL,1,1,NULL,NULL
21,6,NULL,0,0,11,NULL,2011-07-05 15:25:15.347,10.1.4.21,NULL,30,NULL,0,NULL,1,1,,NULL
22,7,NULL,0,0,9,NULL,2011-07-19 19:36:47.780,71.251.92.119,NULL,30,NULL,0,NULL,1,1,,NULL
23,8,NULL,0,0,13,NULL,2011-07-22 15:40:11.960,24.173.136.70,NULL,22,NULL,0,NULL,0,1,,NULL
24,9,NULL,0,0,18,NULL,2011-07-22 17:51:54.503,65.9.84.192,NULL,22,NULL,0,NULL,0,1,,NULL
25,9,24,1,1,13,NULL,2011-07-23 12:38:45.107,24.173.136.70,NULL,22,NULL,0,NULL,0,1,NULL,NULL
26,10,NULL,0,0,11,NULL,2011-07-25 15:47:43.287,71.40.184.7,NULL,30,NULL,0,NULL,1,1,,NULL
27,11,NULL,0,0,11,NULL,2011-07-25 16:24:28.740,71.40.184.7,NULL,30,NULL,0,NULL,1,1,,NULL
28,11,27,1,1,2,NULL,2011-07-25 16:35:29.523,24.173.136.70,NULL,30,NULL,0,NULL,1,1,NULL,NULL
29,12,NULL,0,0,20,NULL,2011-07-28 00:43:07.160,75.74.210.132,NULL,22,NULL,0,NULL,0,1,,NULL
30,12,29,1,1,13,NULL,2011-07-28 13:14:55.343,24.173.136.70,NULL,22,NULL,0,NULL,0,1,NULL,NULL
31,12,30,2,2,20,NULL,2011-07-28 13:32:43.810,75.74.210.132,NULL,22,NULL,0,NULL,0,1,NULL,NULL
32,12,29,3,1,13,NULL,2011-07-28 14:27:06.027,24.173.136.70,NULL,22,NULL,0,NULL,0,1,NULL,NULL
33,8,23,1,1,11,NULL,2011-07-28 15:26:29.750,71.40.184.7,NULL,22,NULL,0,NULL,0,1,NULL,NULL
34,12,29,4,1,20,NULL,2011-07-28 18:47:59.330,75.74.210.132,NULL,22,NULL,0,NULL,0,1,NULL,NULL
35,13,NULL,0,0,13,NULL,2011-07-29 12:46:50.670,24.173.136.70,2011-07-29 12:56:10.413,22,,0,NULL,0,1,,13
36,13,35,1,1,18,NULL,2011-07-29 22:05:05.250,74.233.127.180,NULL,22,NULL,0,NULL,0,1,NULL,NULL
37,12,29,5,1,26,NULL,2011-08-04 15:18:24.823,24.173.136.70,NULL,22,NULL,0,NULL,0,1,NULL,NULL
38,12,29,6,1,20,NULL,2011-08-04 15:28:14.240,72.149.4.66,NULL,22,NULL,0,NULL,0,1,NULL,NULL
39,12,29,7,1,28,NULL,2011-08-04 18:02:23.913,157.174.221.169,NULL,22,NULL,0,NULL,0,1,NULL,NULL
40,12,29,8,1,20,NULL,2011-08-04 18:11:45.240,72.149.4.66,NULL,22,NULL,0,NULL,0,1,NULL,NULL
41,14,NULL,0,0,27,NULL,2011-08-08 13:14:12.253,24.173.136.70,2011-08-08 13:15:15.833,22,,0,NULL,0,1,,27
42,12,29,9,1,27,NULL,2011-08-18 13:56:23.277,24.173.136.70,NULL,22,NULL,0,NULL,0,1,NULL,NULL
43,15,NULL,0,0,17,NULL,2011-08-19 01:47:43.730,24.0.213.254,NULL,22,NULL,0,NULL,0,1,,NULL
44,15,43,1,1,27,NULL,2011-08-24 15:46:59.857,24.173.136.70,2011-08-24 15:47:23.707,22,,0,NULL,0,1,NULL,27
45,8,23,2,1,2,NULL,2011-09-02 12:56:32.177,71.40.184.7,NULL,30,NULL,0,,1,1,NULL,NULL
46,16,NULL,0,0,36,NULL,2011-09-07 20:27:14.843,71.171.100.244,NULL,22,NULL,0,NULL,0,1,,NULL
47,16,46,1,1,13,NULL,2011-09-08 10:05:25.700,24.173.136.70,NULL,22,NULL,0,NULL,0,1,NULL,NULL
48,17,NULL,0,0,36,NULL,2011-09-14 00:32:09.077,71.171.100.244,NULL,22,NULL,0,NULL,0,1,,NULL
49,17,48,1,1,13,NULL,2011-09-14 10:20:53.250,24.173.136.70,NULL,22,NULL,0,NULL,0,1,NULL,NULL
50,18,NULL,0,0,36,NULL,2011-09-19 21:15:20.487,71.171.100.244,NULL,22,NULL,0,NULL,0,1,,NULL
51,18,50,1,1,13,NULL,2011-09-20 11:20:51.237,24.173.136.70,NULL,22,NULL,0,NULL,0,1,NULL,NULL
52,19,NULL,0,0,13,NULL,2011-09-20 11:26:20.373,24.173.136.70,NULL,22,NULL,0,NULL,0,1,,NULL
53,18,50,2,1,36,NULL,2011-09-20 11:55:23.160,71.171.100.244,NULL,22,NULL,0,NULL,0,1,NULL,NULL
54,18,50,3,1,13,NULL,2011-09-20 11:57:12.890,24.173.136.70,NULL,22,NULL,0,NULL,0,1,NULL,NULL
55,20,NULL,0,0,18,NULL,2011-09-23 01:12:59.540,65.9.93.232,NULL,22,NULL,0,NULL,0,1,,NULL
56,20,55,1,1,34,NULL,2011-09-23 11:12:15.267,24.173.136.70,NULL,22,NULL,0,NULL,0,1,NULL,NULL
57,20,55,2,1,13,NULL,2011-09-23 11:32:15.707,24.173.136.70,NULL,22,NULL,0,NULL,0,1,NULL,NULL
58,19,52,1,1,42,NULL,2011-09-26 18:01:32.283,69.120.197.189,NULL,22,NULL,0,NULL,0,1,NULL,NULL
59,21,NULL,0,0,36,NULL,2011-09-30 15:18:50.297,71.171.100.244,NULL,22,NULL,0,NULL,0,1,,NULL
60,19,52,2,1,42,NULL,2011-10-08 13:02:41.630,69.120.197.189,NULL,22,NULL,0,NULL,0,1,NULL,NULL
61,19,52,3,1,13,NULL,2011-10-10 11:21:38.140,24.173.136.70,NULL,22,NULL,0,NULL,0,1,NULL,NULL
62,19,52,4,1,42,NULL,2011-10-10 12:02:27.403,69.120.197.189,NULL,22,NULL,0,NULL,0,1,NULL,NULL
63,22,NULL,0,0,17,NULL,2011-10-10 13:47:02.060,64.94.189.211,NULL,22,NULL,0,NULL,0,1,,NULL
64,22,63,1,1,34,NULL,2011-10-10 13:56:56.013,24.173.136.70,NULL,22,NULL,0,NULL,0,1,NULL,NULL
65,22,63,2,1,17,NULL,2011-10-10 15:49:58.857,64.94.189.211,NULL,22,NULL,0,NULL,0,1,NULL,NULL
66,23,NULL,0,0,36,NULL,2011-10-11 15:05:47.550,174.64.26.92,NULL,22,NULL,0,NULL,0,1,,NULL
67,23,66,1,1,34,NULL,2011-10-12 15:11:53.243,24.173.136.70,NULL,22,NULL,0,NULL,0,1,NULL,NULL
68,24,NULL,0,0,44,NULL,2011-10-24 14:10:17.867,216.119.49.130,NULL,22,NULL,0,NULL,0,1,,NULL
69,24,68,1,1,13,NULL,2011-10-24 14:29:17.813,24.173.136.70,NULL,22,NULL,0,NULL,0,1,NULL,NULL
70,16,46,2,1,52,NULL,2011-10-27 15:00:47.287,76.4.3.238,NULL,22,NULL,0,NULL,0,1,NULL,NULL
71,16,46,3,1,27,NULL,2011-10-28 12:11:18.640,24.173.136.70,2011-10-28 12:11:36.537,22,,0,NULL,0,1,NULL,27
72,8,23,3,1,54,NULL,2011-11-15 20:33:51.940,170.109.232.2,NULL,22,NULL,0,NULL,0,1,NULL,NULL
73,25,NULL,0,0,63,NULL,2012-01-04 17:38:23.853,69.198.215.242,NULL,22,NULL,0,NULL,0,1,,NULL
74,25,73,1,1,34,NULL,2012-01-04 18:26:40.193,24.173.136.70,NULL,22,NULL,0,NULL,0,1,NULL,NULL
75,25,73,2,1,24,NULL,2012-01-09 17:20:33.410,72.187.59.128,NULL,22,NULL,0,NULL,0,1,NULL,NULL
76,25,73,3,1,34,NULL,2012-01-09 17:49:43.743,24.173.136.70,NULL,22,NULL,0,NULL,0,1,NULL,NULL
77,26,NULL,0,0,61,NULL,2012-01-12 02:58:09.643,184.32.92.60,NULL,22,NULL,0,NULL,0,1,,NULL
78,27,NULL,0,0,2,NULL,2012-01-12 12:25:24.117,24.173.136.70,NULL,22,NULL,0,NULL,0,1,,NULL
80,28,NULL,0,0,60,NULL,2012-01-13 18:13:41.443,24.173.136.70,NULL,22,NULL,0,NULL,0,1,,NULL
81,26,77,1,1,24,NULL,2012-01-17 01:07:41.110,72.187.59.128,2012-01-20 14:35:31.597,22,,0,NULL,0,1,NULL,24
82,26,77,2,1,61,NULL,2012-01-17 02:46:02.540,184.32.92.60,NULL,22,NULL,0,NULL,0,1,NULL,NULL
83,26,77,3,1,34,NULL,2012-01-17 11:35:03.177,24.173.136.70,NULL,22,NULL,0,NULL,0,1,NULL,NULL
84,26,77,4,1,61,NULL,2012-01-17 16:36:39.807,184.32.92.60,NULL,22,NULL,0,NULL,0,1,NULL,NULL
85,26,77,5,1,34,NULL,2012-01-17 16:40:53.087,24.173.136.70,NULL,22,NULL,0,NULL,0,1,NULL,NULL
86,26,77,6,1,24,NULL,2012-01-17 19:33:25.217,72.187.59.128,NULL,22,NULL,0,NULL,0,1,NULL,NULL
87,26,77,7,1,61,NULL,2012-01-18 21:22:36.920,184.32.92.60,NULL,22,NULL,0,NULL,0,1,NULL,NULL
88,29,NULL,0,0,24,NULL,2012-01-19 17:57:43.700,72.187.59.128,NULL,22,NULL,0,NULL,0,1,,NULL
89,29,88,1,1,27,NULL,2012-01-19 19:42:28.453,24.173.136.70,NULL,22,NULL,0,NULL,0,1,NULL,NULL
90,29,88,2,1,24,NULL,2012-01-20 14:34:30.137,72.187.59.128,NULL,22,NULL,0,NULL,0,1,NULL,NULL
91,30,NULL,0,0,71,NULL,2012-01-30 21:21:36.980,205.174.187.10,NULL,22,NULL,0,NULL,0,1,,NULL
92,30,91,1,1,27,NULL,2012-01-31 12:51:19.633,24.173.136.70,2012-01-31 12:52:11.757,22,,0,NULL,0,1,NULL,27
93,31,NULL,0,0,24,NULL,2012-01-31 20:22:00.513,72.187.59.128,NULL,22,NULL,0,NULL,0,1,,NULL
94,32,NULL,0,0,79,NULL,2012-02-01 15:23:22.073,98.110.196.62,NULL,22,NULL,0,NULL,0,1,,NULL
95,32,94,1,1,17,NULL,2012-02-01 15:34:32.343,24.0.213.254,NULL,22,NULL,0,NULL,0,1,NULL,NULL
96,33,NULL,0,0,79,NULL,2012-02-01 16:43:34.433,98.110.196.62,NULL,22,NULL,0,NULL,0,1,,NULL
97,34,NULL,0,0,81,NULL,2012-02-01 18:43:30.097,24.68.76.70,NULL,22,NULL,0,NULL,0,1,,NULL
98,33,96,1,1,82,NULL,2012-02-01 22:22:00.413,76.108.95.233,NULL,22,NULL,0,NULL,0,1,NULL,NULL
99,32,94,2,1,27,NULL,2012-02-03 13:44:16.330,24.173.136.70,2012-02-03 13:46:23.563,22,,0,NULL,0,1,NULL,27
100,31,93,1,1,27,NULL,2012-02-03 13:50:33.113,24.173.136.70,2012-02-03 13:52:59.400,22,,0,NULL,0,1,NULL,27
101,33,96,2,1,27,NULL,2012-02-03 13:55:22.510,24.173.136.70,NULL,22,NULL,0,NULL,0,1,NULL,NULL
102,34,97,1,1,27,NULL,2012-02-03 13:57:52.050,24.173.136.70,NULL,22,NULL,0,NULL,0,1,NULL,NULL
103,34,97,2,1,60,NULL,2012-02-03 15:10:38.710,24.173.136.70,NULL,22,NULL,0,NULL,0,1,NULL,NULL
104,35,NULL,0,0,58,NULL,2012-02-08 12:14:34.717,65.34.216.193,NULL,22,NULL,0,NULL,0,1,,NULL
105,35,104,1,1,34,NULL,2012-02-08 12:58:55.293,24.173.136.70,NULL,22,NULL,0,NULL,0,1,NULL,NULL
106,35,104,2,1,27,NULL,2012-02-08 13:09:36.603,24.173.136.70,NULL,22,NULL,0,NULL,0,1,NULL,NULL
107,26,77,8,1,61,NULL,2012-02-21 23:26:19.947,184.32.249.154,NULL,22,NULL,0,NULL,0,1,NULL,NULL
108,36,NULL,0,0,95,NULL,2012-02-25 19:32:51.203,98.100.210.28,NULL,22,NULL,0,NULL,0,1,,NULL
109,36,108,1,1,27,NULL,2012-02-26 02:39:53.333,24.73.1.97,NULL,22,NULL,0,NULL,0,1,NULL,NULL
110,32,94,3,1,98,NULL,2012-02-27 19:46:26.457,173.171.145.225,NULL,22,NULL,0,NULL,0,1,NULL,NULL
111,37,NULL,0,0,103,NULL,2012-03-02 00:28:28.450,50.140.0.73,NULL,22,NULL,0,NULL,0,1,,NULL
112,37,111,1,1,27,NULL,2012-03-02 12:41:39.677,24.173.136.70,NULL,22,NULL,0,NULL,0,1,NULL,NULL
113,37,111,2,1,103,NULL,2012-03-02 15:09:30.940,70.148.166.248,NULL,22,NULL,0,NULL,0,1,NULL,NULL
114,38,NULL,0,0,58,NULL,2012-03-03 07:00:48.427,65.244.172.14,NULL,22,NULL,0,NULL,0,1,,NULL
115,39,NULL,0,0,105,NULL,2012-03-03 22:00:36.700,68.229.234.222,NULL,22,NULL,0,NULL,0,1,,NULL
116,38,114,1,1,27,NULL,2012-03-05 12:11:37.650,24.173.136.70,NULL,22,NULL,0,NULL,0,1,NULL,NULL
117,39,115,1,1,27,NULL,2012-03-05 12:42:53.903,24.173.136.70,NULL,22,NULL,0,NULL,0,1,NULL,NULL
118,40,NULL,0,0,103,NULL,2012-03-05 23:58:42.690,50.140.0.73,NULL,22,NULL,0,NULL,0,1,,NULL
119,40,118,1,1,34,NULL,2012-03-06 15:40:39.190,24.173.136.70,NULL,22,NULL,0,NULL,0,1,NULL,NULL
120,40,118,2,1,103,NULL,2012-03-06 15:57:19.433,70.148.166.248,NULL,22,NULL,0,NULL,0,1,NULL,NULL
121,41,NULL,0,0,62,NULL,2012-03-07 03:44:46.720,208.168.247.105,NULL,22,NULL,0,NULL,0,1,,NULL
122,31,93,2,1,24,NULL,2012-03-07 14:09:11.473,72.187.59.128,NULL,22,NULL,0,NULL,0,1,NULL,NULL
123,31,93,3,1,27,NULL,2012-03-07 14:14:23.140,24.173.136.70,NULL,22,NULL,0,NULL,0,1,NULL,NULL
124,31,93,4,1,24,NULL,2012-03-07 14:39:35.163,72.187.59.128,NULL,22,NULL,0,NULL,0,1,NULL,NULL
125,41,121,1,1,27,NULL,2012-03-07 16:27:23.820,24.173.136.70,NULL,22,NULL,0,NULL,0,1,NULL,NULL
126,41,121,2,1,62,NULL,2012-03-07 22:46:10.247,208.168.242.163,NULL,22,NULL,0,NULL,0,1,NULL,NULL
127,40,118,3,1,34,NULL,2012-03-08 12:05:05.390,24.173.136.70,NULL,22,NULL,0,NULL,0,1,NULL,NULL
128,41,121,3,1,27,NULL,2012-03-09 14:20:33.250,24.173.136.70,NULL,22,NULL,0,NULL,0,1,NULL,NULL
129,41,121,4,1,62,NULL,2012-03-09 22:01:34.770,206.48.230.145,NULL,22,NULL,0,NULL,0,1,NULL,NULL
130,42,NULL,0,0,74,NULL,2012-04-04 00:33:10.473,99.169.221.160,NULL,22,NULL,0,NULL,0,1,,NULL
132,42,130,1,1,27,NULL,2012-04-04 12:54:11.793,24.173.136.70,NULL,22,NULL,0,NULL,0,1,NULL,NULL
133,44,NULL,0,0,113,NULL,2012-04-04 13:26:11.077,98.203.21.150,NULL,30,NULL,1,,1,1,,NULL
134,45,NULL,0,0,113,NULL,2012-04-04 13:40:48.420,98.203.21.150,NULL,22,NULL,0,NULL,0,1,,NULL
135,45,134,1,1,98,NULL,2012-04-06 12:08:29.497,173.171.145.225,NULL,22,NULL,0,NULL,0,1,NULL,NULL
137,47,NULL,0,0,98,NULL,2012-04-06 12:39:29.660,173.171.145.225,NULL,22,NULL,0,NULL,0,1,,NULL
139,41,121,5,1,115,NULL,2012-04-09 18:18:58.990,70.126.120.211,NULL,22,NULL,0,NULL,0,1,NULL,NULL
140,41,139,6,2,27,NULL,2012-04-09 18:22:34.803,24.173.136.70,NULL,22,NULL,0,NULL,0,1,NULL,NULL
141,48,NULL,0,0,121,NULL,2012-04-21 12:09:10.107,24.188.103.35,NULL,30,NULL,1,,1,1,,NULL
142,49,NULL,0,0,121,NULL,2012-04-21 12:10:29.223,24.188.103.35,NULL,30,NULL,1,,1,1,,NULL
143,55,NULL,0,0,121,NULL,2012-04-21 12:15:46.353,24.188.103.35,NULL,22,NULL,0,NULL,0,1,,NULL
144,56,NULL,0,0,121,NULL,2012-04-21 12:21:25.597,24.188.103.35,NULL,22,NULL,0,NULL,0,1,,NULL
145,56,144,1,1,61,NULL,2012-04-22 00:42:42.433,184.32.93.91,NULL,22,NULL,0,NULL,0,1,NULL,NULL
146,55,143,1,1,61,NULL,2012-04-22 00:53:07.527,184.32.93.91,NULL,22,NULL,0,NULL,0,1,NULL,NULL
147,55,143,2,1,121,NULL,2012-04-22 01:20:42.030,24.188.103.35,NULL,22,NULL,0,NULL,0,1,NULL,NULL
148,52,NULL,0,0,62,NULL,2012-04-29 22:05:26.570,206.48.230.158,NULL,30,NULL,1,,1,1,,NULL
149,53,NULL,0,0,62,NULL,2012-04-29 22:06:44.457,206.48.230.158,NULL,30,NULL,1,,1,1,,NULL
150,54,NULL,0,0,62,NULL,2012-04-29 22:08:31.917,206.48.230.158,NULL,22,NULL,0,NULL,0,1,,NULL
151,56,144,2,1,62,NULL,2012-04-29 22:12:30.013,206.48.230.158,NULL,22,NULL,0,NULL,0,1,NULL,NULL
152,54,150,1,1,27,NULL,2012-04-30 12:52:42.987,24.173.136.70,NULL,22,NULL,0,NULL,0,1,NULL,NULL
153,57,NULL,0,0,121,NULL,2012-04-30 23:56:58.950,24.188.103.35,NULL,22,NULL,0,NULL,0,1,,NULL
154,57,153,1,1,128,NULL,2012-05-03 03:42:09.717,98.208.232.176,NULL,22,NULL,0,NULL,0,1,NULL,NULL
155,57,153,2,1,34,NULL,2012-05-03 10:40:53.497,24.173.136.70,NULL,22,NULL,0,NULL,0,1,NULL,NULL
156,56,144,3,1,84,NULL,2012-05-03 20:48:13.350,207.87.107.146,NULL,22,NULL,0,NULL,0,1,NULL,NULL
157,56,144,4,1,58,NULL,2012-05-07 22:14:08.793,65.244.172.14,NULL,22,NULL,0,NULL,0,1,NULL,NULL
158,58,NULL,0,0,135,NULL,2012-05-18 20:17:08.127,66.176.116.8,NULL,22,NULL,0,NULL,0,1,,NULL
159,57,153,3,1,135,NULL,2012-05-18 21:26:07.553,66.176.116.8,NULL,22,NULL,0,NULL,0,1,NULL,NULL
160,58,158,1,1,61,NULL,2012-05-18 23:45:02.977,184.32.93.91,NULL,22,NULL,0,NULL,0,1,NULL,NULL
161,56,144,5,1,137,NULL,2012-05-22 21:23:27.957,184.32.247.128,2012-05-22 21:23:48.120,22,,0,NULL,0,1,NULL,137
162,59,NULL,0,0,138,NULL,2012-05-23 13:12:54.787,129.171.150.90,2012-05-23 17:29:55.347,22,,0,NULL,0,1,,138
164,61,NULL,0,0,141,NULL,2012-05-28 07:15:58.593,211.216.3.103,NULL,30,NULL,1,,1,1,,NULL
165,62,NULL,0,0,33,NULL,2012-06-02 14:26:43.597,173.64.75.109,NULL,22,NULL,0,NULL,0,1,,NULL
166,56,144,6,1,33,NULL,2012-06-02 14:28:28.043,173.64.75.109,NULL,22,NULL,0,NULL,0,1,NULL,NULL
167,62,165,1,1,33,NULL,2012-06-03 10:30:43.430,173.64.75.109,NULL,22,NULL,0,NULL,0,1,NULL,NULL
168,62,165,2,1,27,NULL,2012-06-19 13:03:45.157,24.173.136.70,NULL,22,NULL,0,NULL,0,1,NULL,NULL
169,59,162,1,1,27,NULL,2012-06-19 13:08:14.637,24.173.136.70,NULL,22,NULL,0,NULL,0,1,NULL,NULL
170,63,NULL,0,0,135,NULL,2012-06-23 18:10:32.310,99.10.179.188,NULL,22,NULL,0,NULL,0,1,,NULL
171,27,78,1,1,150,NULL,2012-06-29 19:50:06.070,178.120.100.37,NULL,22,NULL,0,NULL,0,1,NULL,NULL
172,59,162,2,1,137,NULL,2012-07-01 16:42:16.947,184.32.112.73,NULL,22,NULL,0,NULL,0,1,NULL,NULL
173,54,150,2,1,137,NULL,2012-07-01 16:43:57.493,184.32.112.73,NULL,22,NULL,0,NULL,0,1,NULL,NULL
174,64,NULL,0,0,58,NULL,2012-07-01 18:16:14.343,174.48.56.11,NULL,22,NULL,0,NULL,0,1,,NULL
176,66,NULL,0,0,151,NULL,2012-07-08 00:19:36.120,69.124.142.117,NULL,22,NULL,0,NULL,0,1,,NULL
177,67,NULL,0,0,153,NULL,2012-07-12 12:28:11.833,198.228.200.18,NULL,22,NULL,0,NULL,0,1,,NULL
178,68,NULL,0,0,154,NULL,2012-07-12 12:32:29.447,71.188.56.251,NULL,22,NULL,0,NULL,0,1,,NULL
181,67,177,1,1,27,NULL,2012-07-20 18:47:52.773,24.172.30.202,NULL,22,NULL,0,NULL,0,1,NULL,NULL
182,68,178,1,1,27,NULL,2012-07-20 18:52:13.997,24.172.30.202,NULL,22,NULL,0,NULL,0,1,NULL,NULL
184,71,NULL,0,0,158,NULL,2012-07-22 18:33:29.753,12.130.122.156,NULL,22,NULL,0,NULL,0,1,,NULL
185,72,NULL,0,0,162,NULL,2012-07-24 18:51:10.713,76.123.176.148,NULL,22,NULL,0,NULL,0,1,,NULL
186,72,185,1,1,34,NULL,2012-07-24 19:29:48.390,24.173.136.70,NULL,22,NULL,0,NULL,0,1,NULL,NULL
187,71,184,1,1,34,NULL,2012-07-24 19:41:11.253,24.173.136.70,NULL,22,NULL,0,NULL,0,1,NULL,NULL
188,72,185,2,1,162,NULL,2012-07-24 20:03:15.177,76.123.176.148,NULL,22,NULL,0,NULL,0,1,NULL,NULL
189,72,185,3,1,34,NULL,2012-07-24 20:10:34.877,24.173.136.70,NULL,22,NULL,0,NULL,0,1,NULL,NULL
190,72,185,4,1,162,NULL,2012-07-24 20:37:02.023,76.123.176.148,NULL,22,NULL,0,NULL,0,1,NULL,NULL
192,26,77,9,1,164,NULL,2012-07-30 09:49:05.490,71.188.81.137,2012-07-30 09:49:27.723,22,,0,NULL,0,1,NULL,164
195,76,NULL,0,0,39,NULL,2012-08-14 21:51:44.047,166.203.221.103,NULL,22,NULL,0,NULL,0,1,,NULL
196,77,NULL,0,0,62,NULL,2012-08-15 04:51:14.640,208.168.244.95,NULL,22,NULL,0,NULL,0,1,,NULL
197,76,195,1,1,171,NULL,2012-08-15 22:03:32.930,96.252.235.150,NULL,22,NULL,0,NULL,0,1,NULL,NULL
198,78,NULL,0,0,171,NULL,2012-08-15 22:14:07.063,96.252.235.150,NULL,22,NULL,0,NULL,0,1,,NULL
199,78,198,1,1,34,NULL,2012-08-16 11:15:26.227,24.173.136.70,NULL,22,NULL,0,NULL,0,1,NULL,NULL
200,78,198,2,1,171,NULL,2012-08-16 13:33:11.293,205.174.187.10,NULL,22,NULL,0,NULL,0,1,NULL,NULL
201,78,198,3,1,34,NULL,2012-08-16 14:53:17.130,24.173.136.70,NULL,22,NULL,0,NULL,0,1,NULL,NULL
202,78,198,4,1,171,NULL,2012-08-16 16:43:52.510,205.174.187.10,NULL,22,NULL,0,NULL,0,1,NULL,NULL
203,78,198,5,1,34,NULL,2012-08-16 17:16:43.650,24.173.136.70,NULL,22,NULL,0,NULL,0,1,NULL,NULL
204,79,NULL,0,0,156,NULL,2012-08-18 22:35:52.003,206.53.93.3,NULL,22,NULL,0,NULL,0,1,,NULL
212,86,NULL,0,0,33,NULL,2012-09-02 01:00:15.687,71.179.28.42,NULL,22,NULL,0,NULL,0,1,,NULL
213,86,212,1,1,34,NULL,2012-09-04 12:33:32.660,24.173.136.70,NULL,22,NULL,0,NULL,0,1,NULL,NULL
214,86,212,2,1,33,NULL,2012-09-04 12:59:48.673,71.179.28.42,NULL,22,NULL,0,NULL,0,1,NULL,NULL
215,87,NULL,0,0,162,NULL,2012-09-20 21:11:09.337,76.123.176.148,NULL,22,NULL,0,NULL,0,1,,NULL
216,88,NULL,0,0,182,NULL,2012-09-28 05:15:03.967,108.62.112.230,NULL,30,NULL,1,,1,1,,NULL
217,87,215,1,1,44,NULL,2012-10-02 13:32:15.160,68.51.139.60,NULL,22,NULL,0,NULL,0,1,NULL,NULL
218,87,215,2,1,34,NULL,2012-10-02 15:51:55.543,24.173.136.70,NULL,22,NULL,0,NULL,0,1,NULL,NULL
219,89,NULL,0,0,184,NULL,2012-10-04 03:54:03.173,184.22.230.194,NULL,30,NULL,1,,1,1,,NULL
220,90,NULL,0,0,185,NULL,2012-10-11 06:38:18.050,184.22.230.197,NULL,30,NULL,1,,1,1,,NULL
221,91,NULL,0,0,186,NULL,2012-10-11 08:26:09.750,72.18.206.123,NULL,30,NULL,1,,1,1,,NULL
222,92,NULL,0,0,187,NULL,2012-10-12 06:56:35.523,173.234.53.100,NULL,30,NULL,1,,1,1,,NULL
223,93,NULL,0,0,188,NULL,2012-10-16 07:47:21.587,61.190.38.243,NULL,30,NULL,1,,1,1,,NULL
224,94,NULL,0,0,188,NULL,2012-10-16 07:48:25.290,61.190.38.243,NULL,30,NULL,1,,1,1,,NULL
225,95,NULL,0,0,188,NULL,2012-10-16 07:50:41.310,61.190.38.243,NULL,30,NULL,1,,1,1,,NULL
226,96,NULL,0,0,190,NULL,2012-10-19 08:13:52.700,70.32.38.84,NULL,30,NULL,1,,1,1,,NULL
227,97,NULL,0,0,193,NULL,2012-10-23 09:19:52.733,184.22.233.221,NULL,30,NULL,1,,1,1,,NULL
228,98,NULL,0,0,194,NULL,2012-10-25 07:29:13.737,199.87.229.19,NULL,30,NULL,1,,1,1,,NULL
229,99,NULL,0,0,195,NULL,2012-10-26 02:48:45.620,70.32.38.85,NULL,30,NULL,1,,1,1,,NULL
231,101,NULL,0,0,199,NULL,2012-10-27 03:09:03.997,173.208.107.182,NULL,30,NULL,1,,1,1,,NULL
232,102,NULL,0,0,198,NULL,2012-10-27 03:12:54.950,72.52.116.240,NULL,30,NULL,1,,1,1,,NULL
233,103,NULL,0,0,200,NULL,2012-10-30 06:23:21.107,72.52.116.247,NULL,30,NULL,1,,1,1,,NULL
234,102,232,1,1,201,NULL,2012-10-30 07:16:22.303,205.164.51.237,2012-10-30 07:17:04.870,30,,1,,1,1,NULL,201
235,104,NULL,0,0,202,NULL,2012-10-30 08:52:14.380,72.52.116.237,NULL,30,NULL,1,,1,1,,NULL
236,105,NULL,0,0,203,NULL,2012-11-01 05:42:23.810,220.178.39.154,NULL,30,NULL,1,,1,1,,NULL
237,106,NULL,0,0,205,NULL,2012-11-02 08:01:42.667,184.22.233.220,NULL,30,NULL,0,NULL,1,1,,NULL
238,107,NULL,0,0,206,NULL,2012-11-05 07:22:58.790,85.195.119.221,NULL,30,NULL,1,,1,1,,NULL
239,108,NULL,0,0,210,NULL,2012-11-12 08:40:39.640,72.52.116.229,NULL,30,NULL,1,,1,1,,NULL
240,59,162,3,1,213,NULL,2012-11-16 21:50:58.240,66.87.123.113,NULL,22,NULL,0,NULL,0,1,NULL,NULL
241,109,NULL,0,0,215,NULL,2012-11-19 05:58:15.570,173.234.53.99,NULL,30,NULL,1,,1,1,,NULL
242,110,NULL,0,0,216,NULL,2012-11-20 02:32:02.243,72.52.116.234,NULL,30,NULL,1,,1,1,,NULL
243,111,NULL,0,0,217,NULL,2012-11-20 07:22:35.410,72.52.116.250,NULL,30,NULL,1,,1,1,,NULL
244,112,NULL,0,0,24,NULL,2012-11-20 15:08:50.177,76.101.84.132,NULL,22,NULL,0,NULL,0,1,,NULL
245,113,NULL,0,0,218,NULL,2012-11-21 02:19:10.917,173.234.53.101,NULL,30,NULL,1,,1,1,,NULL
246,114,NULL,0,0,219,NULL,2012-11-21 07:08:46.907,72.52.116.252,NULL,30,NULL,0,NULL,1,1,,NULL
247,112,244,1,1,34,NULL,2012-11-21 21:00:36.720,24.173.136.70,NULL,22,NULL,0,NULL,0,1,NULL,NULL
248,115,NULL,0,0,220,NULL,2012-11-22 02:37:59.173,72.52.116.252,NULL,30,NULL,1,,1,1,,NULL
249,116,NULL,0,0,220,NULL,2012-11-22 02:39:47.813,72.52.116.252,NULL,30,NULL,1,,1,1,,NULL
250,117,NULL,0,0,221,NULL,2012-11-22 17:39:57.757,108.133.79.199,NULL,22,NULL,0,NULL,0,1,,NULL
251,118,NULL,0,0,222,NULL,2012-11-24 02:14:26.493,72.52.116.245,NULL,30,NULL,1,,1,1,,NULL
252,119,NULL,0,0,223,NULL,2012-11-26 07:49:48.510,210.197.158.82,NULL,30,NULL,1,,1,1,,NULL
253,117,250,1,1,34,NULL,2012-11-26 17:37:28.040,24.173.136.70,NULL,22,NULL,0,NULL,0,1,NULL,NULL
254,135,NULL,0,0,225,NULL,2012-11-27 15:54:43.723,108.15.71.76,NULL,22,NULL,0,NULL,0,1,,NULL
255,121,NULL,0,0,227,NULL,2012-11-29 07:43:36.713,143.90.210.49,NULL,30,NULL,1,,1,1,,NULL
256,135,254,1,1,34,NULL,2012-11-29 12:14:07.820,24.173.136.70,NULL,22,NULL,0,NULL,0,1,NULL,NULL
257,122,NULL,0,0,230,NULL,2012-12-02 03:21:27.647,72.52.116.238,NULL,30,NULL,1,,1,1,,NULL
258,123,NULL,0,0,231,NULL,2012-12-02 03:42:46.523,205.164.48.190,NULL,30,NULL,1,,1,1,,NULL
259,124,NULL,0,0,232,NULL,2012-12-02 11:50:04.640,72.18.206.122,NULL,30,NULL,1,,1,1,,NULL
260,125,NULL,0,0,233,NULL,2012-12-03 06:02:35.530,115.238.179.98,NULL,30,NULL,1,,1,1,,NULL
261,126,NULL,0,0,233,NULL,2012-12-03 06:04:09.600,115.238.179.98,NULL,30,NULL,1,,1,1,,NULL
262,127,NULL,0,0,233,NULL,2012-12-03 06:05:18.837,115.238.179.98,NULL,30,NULL,1,,1,1,,NULL
263,128,NULL,0,0,233,NULL,2012-12-03 06:06:35.537,115.238.179.98,NULL,30,NULL,1,,1,1,,NULL
264,136,NULL,0,0,234,NULL,2012-12-04 00:22:37.337,200.7.56.78,NULL,22,NULL,0,NULL,0,1,,NULL
268,112,247,2,2,61,NULL,2012-12-07 23:27:03.493,99.119.28.65,NULL,22,NULL,0,NULL,0,1,NULL,NULL
270,136,264,1,1,34,NULL,2012-12-08 13:01:56.997,24.173.136.70,NULL,22,NULL,0,NULL,0,1,NULL,NULL
271,112,244,3,1,34,NULL,2012-12-08 13:12:10.470,24.173.136.70,NULL,22,NULL,0,NULL,0,1,NULL,NULL
272,134,NULL,0,0,239,NULL,2012-12-10 06:00:04.400,72.52.116.246,NULL,30,NULL,1,,1,1,,NULL
273,59,162,4,1,240,NULL,2012-12-12 11:22:25.753,72.52.116.241,NULL,30,NULL,1,,1,1,NULL,NULL
274,86,212,3,1,240,NULL,2012-12-12 11:23:56.090,72.52.116.241,NULL,30,NULL,1,,1,1,NULL,NULL
276,78,198,6,1,240,NULL,2012-12-12 11:28:17.210,72.52.116.241,NULL,30,NULL,1,,1,1,NULL,NULL
277,137,NULL,0,0,243,NULL,2012-12-12 15:29:54.677,76.101.46.65,NULL,22,NULL,0,NULL,0,1,,NULL
278,138,NULL,0,0,245,NULL,2012-12-17 01:41:47.073,72.52.116.230,NULL,30,NULL,0,NULL,1,1,,NULL
280,140,NULL,0,0,246,NULL,2012-12-17 08:15:05.193,72.52.116.232,NULL,30,NULL,1,,1,1,,NULL
281,141,NULL,0,0,249,NULL,2012-12-19 07:12:53.673,67.60.206.92,NULL,30,NULL,1,,1,1,,NULL
282,142,NULL,0,0,250,NULL,2012-12-20 09:58:32.393,223.240.226.230,NULL,30,NULL,1,,1,1,,NULL
283,143,NULL,0,0,209,NULL,2012-12-20 16:40:45.273,71.41.44.35,NULL,22,NULL,0,NULL,0,1,,NULL
284,144,NULL,0,0,251,NULL,2012-12-22 02:24:59.950,72.52.116.235,NULL,30,NULL,1,,1,1,,NULL
285,145,NULL,0,0,252,NULL,2012-12-22 05:30:37.410,72.52.116.242,NULL,30,NULL,1,,1,1,,NULL
286,146,NULL,0,0,253,NULL,2012-12-22 06:41:50.507,72.52.116.226,NULL,30,NULL,1,,1,1,,NULL
287,147,NULL,0,0,254,NULL,2012-12-24 08:01:19.020,184.22.230.198,NULL,30,NULL,1,,1,1,,NULL
288,148,NULL,0,0,255,NULL,2012-12-25 05:42:15.667,72.52.116.230,NULL,30,NULL,1,,1,1,,NULL
289,149,NULL,0,0,255,NULL,2012-12-25 05:44:02.437,72.52.116.230,NULL,30,NULL,1,,1,1,,NULL
290,150,NULL,0,0,257,NULL,2012-12-30 03:22:38.013,85.195.118.45,NULL,30,NULL,1,,1,1,,NULL
291,87,215,3,1,44,NULL,2012-12-30 03:47:33.777,68.51.139.60,NULL,22,NULL,0,NULL,0,1,NULL,NULL
292,87,215,4,1,34,NULL,2012-12-31 19:04:01.613,24.173.136.70,NULL,22,NULL,0,NULL,0,1,NULL,NULL
293,151,NULL,0,0,256,NULL,2013-01-02 06:18:53.977,184.22.233.220,NULL,30,NULL,1,,1,1,,NULL
294,152,NULL,0,0,192,NULL,2013-01-03 15:56:12.353,108.34.20.134,NULL,22,NULL,0,NULL,0,1,,NULL
295,152,294,1,1,34,NULL,2013-01-03 22:04:59.557,24.173.136.70,NULL,22,NULL,0,NULL,0,1,NULL,NULL
296,152,294,2,1,244,NULL,2013-01-04 04:01:12.663,108.34.20.134,NULL,22,NULL,0,NULL,0,1,NULL,NULL
299,155,NULL,0,0,2,NULL,2013-01-04 16:14:20.057,97.76.0.6,NULL,30,NULL,0,NULL,1,1,,NULL
300,155,299,1,1,34,NULL,2013-01-04 16:18:17.247,24.173.136.70,NULL,30,NULL,0,NULL,1,1,NULL,NULL
301,156,NULL,0,0,2,NULL,2013-01-04 16:20:39.357,97.76.0.6,NULL,30,NULL,0,NULL,1,1,,NULL
302,156,301,1,1,259,NULL,2013-01-04 16:24:46.520,97.76.0.6,NULL,14,NULL,0,NULL,1,0,NULL,NULL
303,157,NULL,0,0,259,NULL,2013-01-04 16:31:14.880,97.76.0.6,NULL,22,NULL,0,NULL,0,1,,NULL
304,157,303,1,1,34,NULL,2013-01-04 17:16:10.520,24.173.136.70,NULL,22,NULL,0,NULL,0,1,NULL,NULL
305,158,NULL,0,0,192,NULL,2013-01-07 15:45:40.187,108.34.20.134,NULL,22,NULL,0,NULL,0,1,,NULL
306,159,NULL,0,0,192,NULL,2013-01-07 16:28:00.687,108.34.20.134,NULL,22,NULL,0,NULL,0,1,,NULL
307,158,305,1,1,34,NULL,2013-01-08 22:31:15.020,24.173.136.70,NULL,22,NULL,0,NULL,0,1,NULL,NULL
308,159,306,1,1,34,NULL,2013-01-08 22:33:29.437,24.173.136.70,NULL,22,NULL,0,NULL,0,1,NULL,NULL
309,160,NULL,0,0,262,NULL,2013-01-14 07:31:04.660,67.229.57.114,NULL,14,NULL,1,,1,0,,NULL
310,161,NULL,0,0,2,NULL,2013-01-25 15:49:39.913,24.173.136.70,NULL,22,NULL,0,NULL,0,1,,NULL
311,135,254,2,1,266,NULL,2013-01-26 06:49:33.387,72.52.116.249,NULL,14,NULL,1,,1,0,NULL,NULL
312,112,244,4,1,266,NULL,2013-01-26 07:01:06.570,72.52.116.249,NULL,14,NULL,1,,1,0,NULL,NULL
313,161,310,1,1,266,NULL,2013-01-26 07:13:00.833,72.52.116.249,NULL,14,NULL,1,,1,0,NULL,NULL
314,162,NULL,0,0,268,NULL,2013-01-26 08:16:04.107,72.52.116.227,NULL,14,NULL,1,,1,0,,NULL
315,163,NULL,0,0,268,NULL,2013-01-26 08:17:43.727,72.52.116.227,NULL,14,NULL,1,,1,0,,NULL
316,164,NULL,0,0,268,NULL,2013-01-26 08:19:56.530,72.52.116.227,NULL,14,NULL,1,,1,0,,NULL
317,165,NULL,0,0,269,NULL,2013-01-28 03:29:19.680,70.46.74.230,NULL,14,NULL,1,,1,0,,NULL
318,56,144,7,1,261,NULL,2013-01-29 16:13:37.593,174.61.42.50,NULL,22,NULL,0,NULL,0,1,NULL,NULL
319,166,NULL,0,0,270,NULL,2013-02-01 03:11:29.653,61.209.182.15,NULL,14,NULL,1,,1,0,,NULL
320,167,NULL,0,0,270,NULL,2013-02-01 03:17:09.933,61.209.182.15,NULL,14,NULL,1,,1,0,,NULL
321,168,NULL,0,0,271,NULL,2013-02-01 13:33:18.020,14.97.84.113,NULL,14,NULL,1,,1,0,,NULL
322,169,NULL,0,0,272,NULL,2013-02-02 11:30:20.847,76.18.44.143,NULL,22,NULL,0,NULL,0,1,,NULL
323,170,NULL,0,0,273,NULL,2013-02-03 02:23:25.220,66.162.207.122,NULL,14,NULL,1,,1,0,,NULL
324,169,322,1,1,34,NULL,2013-02-04 12:57:04.213,24.173.136.70,NULL,22,NULL,0,NULL,0,1,NULL,NULL
325,171,NULL,0,0,274,NULL,2013-02-07 04:29:28.197,180.246.59.76,NULL,14,NULL,1,,1,0,,NULL
326,172,NULL,0,0,275,NULL,2013-02-07 06:16:19.513,61.209.182.15,NULL,14,NULL,1,,1,0,,NULL
327,173,NULL,0,0,275,NULL,2013-02-07 06:17:50.880,61.209.182.15,NULL,14,NULL,1,,1,0,,NULL
328,174,NULL,0,0,280,NULL,2013-02-11 20:59:06.190,173.221.52.18,NULL,22,NULL,0,NULL,0,1,,NULL
329,174,328,1,1,34,NULL,2013-02-11 22:15:34.040,24.173.136.70,NULL,22,NULL,0,NULL,0,1,NULL,NULL
330,175,NULL,0,0,281,NULL,2013-02-12 15:41:16.590,182.186.195.107,NULL,14,NULL,1,,1,0,,NULL
331,176,NULL,0,0,283,NULL,2013-02-14 08:15:20.130,180.246.76.187,NULL,14,NULL,1,,1,0,,NULL
332,177,NULL,0,0,283,NULL,2013-02-14 08:16:30.280,180.246.76.187,NULL,14,NULL,1,,1,0,,NULL
333,178,NULL,0,0,285,NULL,2013-02-26 02:22:47.557,72.52.116.249,NULL,14,NULL,1,,1,0,,NULL
334,179,NULL,0,0,285,NULL,2013-02-26 02:36:02.703,72.52.116.249,NULL,14,NULL,1,,1,0,,NULL
335,180,NULL,0,0,288,NULL,2013-03-07 02:52:42.070,74.208.14.152,NULL,14,NULL,1,,1,0,,NULL
336,181,NULL,0,0,289,NULL,2013-03-08 05:50:38.490,198.24.143.250,NULL,14,NULL,1,,1,0,,NULL
337,182,NULL,0,0,44,NULL,2013-03-08 15:39:38.407,64.89.83.2,NULL,22,NULL,0,NULL,0,1,,NULL
338,183,NULL,0,0,44,NULL,2013-03-11 20:20:52.693,64.89.83.2,NULL,22,NULL,0,NULL,0,1,,NULL
339,184,NULL,0,0,62,NULL,2013-03-11 22:29:31.787,208.168.254.60,NULL,22,NULL,0,NULL,0,1,,NULL
340,184,339,1,1,34,NULL,2013-03-12 22:12:37.610,24.173.136.70,NULL,22,NULL,0,NULL,0,1,NULL,NULL
341,184,339,2,1,34,NULL,2013-03-12 22:12:48.040,24.173.136.70,NULL,22,NULL,0,NULL,0,1,NULL,NULL
342,143,283,1,1,291,NULL,2013-03-15 08:30:25.903,108.62.62.165,NULL,14,NULL,1,,1,0,NULL,NULL
343,185,NULL,0,0,261,NULL,2013-03-20 18:35:18.010,174.61.42.50,NULL,22,NULL,0,NULL,0,1,,NULL
344,185,343,1,1,2,NULL,2013-03-21 12:07:16.627,24.173.136.70,NULL,22,NULL,0,NULL,0,1,NULL,NULL
345,186,NULL,0,0,162,NULL,2013-04-08 18:13:56.447,76.123.176.148,NULL,22,NULL,0,NULL,0,1,,NULL
346,186,345,1,1,34,NULL,2013-04-08 21:10:58.450,24.173.136.70,NULL,22,NULL,0,NULL,0,1,NULL,NULL
347,187,NULL,0,0,244,NULL,2013-04-09 12:21:50.433,108.17.24.125,NULL,22,NULL,0,NULL,0,1,,NULL
348,187,347,1,1,34,NULL,2013-04-09 15:04:38.553,24.173.136.70,NULL,22,NULL,0,NULL,0,1,NULL,NULL
349,188,NULL,0,0,297,NULL,2013-04-12 09:24:29.143,210.209.126.202,NULL,14,NULL,1,,1,0,,NULL
350,189,NULL,0,0,297,NULL,2013-04-12 09:26:51.507,210.209.126.202,NULL,14,NULL,1,,1,0,,NULL
351,190,NULL,0,0,61,NULL,2013-04-12 16:54:35.543,99.119.30.120,2013-04-25 19:38:17.027,22,Price reduction.,0,NULL,0,1,,61
352,191,NULL,0,0,225,NULL,2013-04-14 22:16:13.973,96.244.9.30,NULL,22,NULL,0,NULL,0,1,,NULL
353,191,352,1,1,34,NULL,2013-04-17 21:29:13.410,24.173.136.70,NULL,22,NULL,0,NULL,0,1,NULL,NULL
354,192,NULL,0,0,261,NULL,2013-04-24 19:46:12.840,174.61.42.50,NULL,22,NULL,0,NULL,0,1,,NULL
355,193,NULL,0,0,301,NULL,2013-05-03 07:59:18.787,220.180.229.68,NULL,14,NULL,1,,1,0,,NULL
356,194,NULL,0,0,301,NULL,2013-05-03 08:00:35.583,220.180.229.68,NULL,14,NULL,1,,1,0,,NULL
357,195,NULL,0,0,303,NULL,2013-05-06 03:42:45.013,220.180.229.68,NULL,14,NULL,1,,1,0,,NULL
358,196,NULL,0,0,61,NULL,2013-05-30 17:25:57.350,99.119.30.120,NULL,22,NULL,0,NULL,0,1,,NULL
359,197,NULL,0,0,61,NULL,2013-05-30 22:32:08.517,99.119.30.120,2013-05-31 00:53:33.793,30,,0,,1,1,,61
360,198,NULL,0,0,62,NULL,2013-05-31 00:22:29.073,192.0.5.114,NULL,22,NULL,0,NULL,0,1,,NULL
361,199,NULL,0,0,310,NULL,2013-06-05 03:39:08.993,176.9.78.238,NULL,14,NULL,1,,1,0,,NULL
362,200,NULL,0,0,310,NULL,2013-06-05 03:40:52.200,176.9.78.238,NULL,14,NULL,1,,1,0,,NULL
363,201,NULL,0,0,318,NULL,2013-06-19 21:24:58.727,97.76.183.192,NULL,22,NULL,0,NULL,0,1,,NULL
364,201,363,1,1,34,NULL,2013-06-19 22:24:40.370,24.173.136.70,NULL,22,NULL,0,NULL,0,1,NULL,NULL
365,202,NULL,0,0,320,NULL,2013-06-27 15:45:08.213,70.192.10.194,NULL,22,NULL,0,NULL,0,1,,NULL
366,202,365,1,1,34,NULL,2013-06-27 17:08:34.810,24.173.136.70,NULL,22,NULL,0,NULL,0,1,NULL,NULL
367,202,365,2,1,320,NULL,2013-06-27 17:35:58.563,70.192.10.194,NULL,22,NULL,0,NULL,0,1,NULL,NULL
368,203,NULL,0,0,307,NULL,2013-06-27 20:16:03.477,75.143.234.98,NULL,22,NULL,0,NULL,0,1,,NULL
369,117,250,2,1,221,NULL,2013-07-05 21:42:35.313,64.134.182.177,NULL,22,NULL,0,NULL,0,1,NULL,NULL
370,117,250,3,1,221,NULL,2013-07-05 21:43:51.780,64.134.182.177,NULL,22,NULL,0,NULL,0,1,NULL,NULL
371,203,368,1,1,61,NULL,2013-07-05 22:33:42.167,99.119.30.120,NULL,22,NULL,0,NULL,0,1,NULL,NULL
372,117,250,4,1,34,NULL,2013-07-06 11:23:31.750,24.173.136.70,NULL,22,NULL,0,NULL,0,1,NULL,NULL
373,204,NULL,0,0,329,NULL,2013-12-29 01:46:34.030,76.26.192.12,NULL,22,NULL,0,NULL,0,1,,NULL
374,204,373,1,1,34,NULL,2013-12-30 13:20:30.707,24.173.136.70,NULL,22,NULL,0,NULL,0,1,NULL,NULL
375,204,373,2,1,329,NULL,2013-12-30 13:52:42.123,76.26.192.12,NULL,22,NULL,0,NULL,0,1,NULL,NULL
376,205,NULL,0,0,337,NULL,2014-01-12 12:05:20.030,67.191.71.245,NULL,22,NULL,0,NULL,0,1,,NULL
377,205,376,1,1,34,NULL,2014-01-13 22:39:38.403,24.173.136.70,NULL,22,NULL,0,NULL,0,1,NULL,NULL
378,204,373,3,1,329,NULL,2014-01-14 00:17:54.853,76.26.192.12,NULL,22,NULL,0,NULL,0,1,NULL,NULL
379,206,NULL,0,0,347,NULL,2014-02-17 21:25:32.547,32.178.240.61,NULL,22,NULL,0,NULL,0,1,,NULL
380,204,373,4,1,34,NULL,2014-02-18 13:29:28.853,24.173.136.70,NULL,22,NULL,0,NULL,0,1,NULL,NULL
381,207,NULL,0,0,192,NULL,2014-02-24 13:17:49.030,108.55.21.87,NULL,22,NULL,0,NULL,0,1,,NULL
382,208,NULL,0,0,192,NULL,2014-02-24 13:23:09.713,108.55.21.87,NULL,22,NULL,0,NULL,0,1,,NULL
383,209,NULL,0,0,346,NULL,2014-02-24 14:38:55.270,76.109.112.138,NULL,22,NULL,0,NULL,0,1,,NULL
384,207,381,1,1,34,NULL,2014-02-24 21:13:50.030,24.173.136.70,NULL,22,NULL,0,NULL,0,1,NULL,NULL
385,209,383,1,1,350,NULL,2014-02-24 22:08:47.727,73.49.231.124,NULL,22,NULL,0,NULL,0,1,NULL,NULL
386,209,383,2,1,342,NULL,2014-02-27 01:57:37.530,66.176.73.147,NULL,22,NULL,0,NULL,0,1,NULL,NULL
387,209,383,3,1,346,NULL,2014-02-27 17:25:07.697,166.147.120.177,NULL,22,NULL,0,NULL,0,1,NULL,NULL
388,209,383,4,1,352,NULL,2014-03-01 14:07:51.210,64.139.75.101,NULL,22,NULL,0,NULL,0,1,NULL,NULL
389,210,NULL,0,0,353,NULL,2014-03-05 06:41:14.653,182.72.141.150,NULL,14,NULL,1,,1,0,,NULL
390,211,NULL,0,0,356,NULL,2014-03-30 22:29:11.827,74.161.17.4,NULL,22,NULL,0,NULL,0,1,,NULL
391,212,NULL,0,0,356,NULL,2014-03-30 22:35:07.387,74.161.17.4,NULL,22,NULL,0,NULL,0,1,,NULL
392,212,391,1,1,34,NULL,2014-03-31 11:15:25.337,24.173.136.70,NULL,22,NULL,0,NULL,0,1,NULL,NULL
393,213,NULL,0,0,360,NULL,2014-04-29 15:13:32.203,12.70.249.18,NULL,30,NULL,0,,1,1,,NULL
394,214,NULL,0,0,361,NULL,2014-04-29 21:33:44.743,72.238.169.157,2014-04-30 00:18:36.493,22,,0,NULL,0,1,,361
395,215,NULL,0,0,362,NULL,2014-04-29 23:05:29.820,75.136.115.200,NULL,22,NULL,0,NULL,0,1,,NULL
396,216,NULL,0,0,361,NULL,2014-04-30 00:17:40.140,72.238.169.157,NULL,22,NULL,0,NULL,0,1,,NULL
397,217,NULL,0,0,62,NULL,2014-05-06 15:57:10.327,63.136.119.249,NULL,22,NULL,0,NULL,0,1,,NULL
398,214,394,1,1,34,NULL,2014-05-06 16:33:16.207,24.173.136.70,NULL,22,NULL,0,NULL,0,1,NULL,NULL
399,215,395,1,1,34,NULL,2014-05-06 17:07:07.177,24.173.136.70,NULL,22,NULL,0,NULL,0,1,NULL,NULL
400,217,397,1,1,34,NULL,2014-05-06 17:13:16.777,24.173.136.70,NULL,22,NULL,0,NULL,0,1,NULL,NULL
401,217,397,2,1,62,NULL,2014-05-06 17:38:57.763,63.136.119.249,NULL,22,NULL,0,NULL,0,1,NULL,NULL
402,218,NULL,0,0,368,NULL,2014-05-08 01:08:36.560,166.205.55.38,NULL,22,NULL,0,NULL,0,1,,NULL
403,219,NULL,0,0,368,NULL,2014-05-08 01:20:46.607,166.205.55.15,NULL,22,NULL,0,NULL,0,1,,NULL
404,209,383,5,1,346,NULL,2014-05-08 14:16:45.640,76.109.112.138,NULL,22,NULL,0,NULL,0,1,NULL,NULL
405,209,383,6,1,365,NULL,2014-05-08 18:34:48.460,99.184.192.112,NULL,30,NULL,0,,1,1,NULL,NULL
406,220,NULL,0,0,299,NULL,2014-05-13 02:48:16.890,96.243.236.114,NULL,22,NULL,0,NULL,0,1,,NULL
407,221,NULL,0,0,225,NULL,2014-05-13 13:43:19.533,108.3.180.199,NULL,22,NULL,0,NULL,0,1,,NULL
408,220,406,1,1,365,NULL,2014-05-13 14:54:14.077,99.184.192.112,NULL,30,NULL,0,,1,1,NULL,NULL
409,220,406,2,1,346,NULL,2014-05-13 15:41:43.897,76.109.112.138,NULL,22,NULL,0,NULL,0,1,NULL,NULL
410,222,NULL,0,0,62,NULL,2014-05-15 19:34:06.547,192.0.5.143,NULL,22,NULL,0,NULL,0,1,,NULL
411,219,403,1,1,34,NULL,2014-05-16 11:36:08.700,24.173.136.70,NULL,22,NULL,0,NULL,0,1,NULL,NULL
412,222,410,1,1,34,NULL,2014-05-16 11:43:57.817,24.173.136.70,NULL,22,NULL,0,NULL,0,1,NULL,NULL
413,221,407,1,1,362,NULL,2014-05-16 16:38:31.660,12.130.117.32,NULL,22,NULL,0,NULL,0,1,NULL,NULL
414,223,NULL,0,0,362,NULL,2014-05-16 16:52:42.530,12.130.117.32,NULL,22,NULL,0,NULL,0,1,,NULL
415,223,414,1,1,34,NULL,2014-05-16 17:45:50.360,24.173.136.70,NULL,22,NULL,0,NULL,0,1,NULL,NULL
416,219,403,2,1,368,NULL,2014-05-19 22:28:26.503,76.109.235.41,NULL,22,NULL,0,NULL,0,1,NULL,NULL
417,219,403,3,1,34,NULL,2014-05-20 10:45:46.697,24.173.136.70,NULL,22,NULL,0,NULL,0,1,NULL,NULL
418,224,NULL,0,0,33,NULL,2014-05-22 23:22:59.400,96.244.147.220,NULL,22,NULL,0,NULL,0,1,,NULL
419,224,418,1,1,34,NULL,2014-05-23 11:51:04.913,70.193.196.208,NULL,22,NULL,0,NULL,0,1,NULL,NULL
420,224,418,3,1,374,NULL,2014-05-24 12:30:00.013,108.201.77.105,NULL,22,NULL,0,NULL,0,1,NULL,NULL
421,224,419,2,2,33,NULL,2014-05-26 14:45:35.577,96.244.147.220,NULL,22,NULL,0,NULL,0,1,NULL,NULL
422,42,130,2,1,375,NULL,2014-05-26 16:12:26.800,24.231.52.70,NULL,22,NULL,0,NULL,0,1,NULL,NULL
423,42,130,3,1,34,NULL,2014-05-27 11:44:05.030,24.173.136.70,NULL,22,NULL,0,NULL,0,1,NULL,NULL
424,225,NULL,0,0,62,NULL,2014-06-01 22:07:28.823,208.169.88.197,NULL,22,NULL,0,NULL,0,1,,NULL
425,225,424,1,1,34,NULL,2014-06-02 11:11:56.353,24.173.136.70,NULL,22,NULL,0,NULL,0,1,NULL,NULL
426,209,383,7,1,346,NULL,2014-06-02 13:54:26.750,76.109.112.138,NULL,22,NULL,0,NULL,0,1,NULL,NULL
427,225,424,2,1,62,NULL,2014-06-02 14:20:07.793,208.169.88.243,NULL,22,NULL,0,NULL,0,1,NULL,NULL
428,221,407,2,1,376,NULL,2014-06-04 15:53:43.183,97.92.61.138,NULL,22,NULL,0,NULL,0,1,NULL,NULL
429,226,NULL,0,0,299,NULL,2014-06-08 21:33:49.333,96.243.236.114,NULL,22,NULL,0,NULL,0,1,,NULL
430,226,429,1,1,376,NULL,2014-06-08 23:28:37.757,97.92.61.138,NULL,22,NULL,0,NULL,0,1,NULL,NULL
431,226,429,2,1,330,NULL,2014-06-09 00:01:46.460,67.191.71.245,NULL,22,NULL,0,NULL,0,1,NULL,NULL
432,227,NULL,0,0,330,NULL,2014-06-09 00:02:48.067,67.191.71.245,NULL,22,NULL,0,NULL,0,1,,NULL
433,227,432,1,1,378,NULL,2014-06-09 18:12:22.097,24.173.136.70,NULL,22,NULL,0,NULL,0,1,NULL,NULL
434,225,424,3,1,62,NULL,2014-06-18 04:18:28.123,208.168.228.166,NULL,22,NULL,0,NULL,0,1,NULL,NULL
435,225,424,4,1,161,NULL,2014-06-18 13:14:49.513,24.173.136.70,NULL,22,NULL,0,NULL,0,1,NULL,NULL
436,228,NULL,0,0,346,NULL,2014-06-23 21:31:01.020,76.109.112.138,NULL,22,NULL,0,NULL,0,1,,NULL
437,229,NULL,0,0,382,NULL,2014-06-27 20:03:25.610,207.203.238.6,NULL,22,NULL,0,NULL,0,1,,NULL
438,229,437,1,1,329,NULL,2014-06-28 01:04:30.747,174.56.158.131,NULL,22,NULL,0,NULL,0,1,NULL,NULL
439,229,437,2,1,382,NULL,2014-06-28 03:31:22.700,98.162.175.214,NULL,22,NULL,0,NULL,0,1,NULL,NULL
440,230,NULL,0,0,382,NULL,2014-07-06 02:56:55.477,98.162.175.214,NULL,22,NULL,0,NULL,0,1,,NULL
441,230,440,1,1,382,NULL,2014-07-06 15:32:38.800,98.162.175.214,NULL,22,NULL,0,NULL,0,1,NULL,NULL
442,230,440,2,1,378,NULL,2014-07-07 12:26:31.540,24.173.136.70,NULL,22,NULL,0,NULL,0,1,NULL,NULL
443,220,406,3,1,346,NULL,2014-07-07 16:00:23.707,76.109.112.138,NULL,22,NULL,0,NULL,0,1,NULL,NULL
444,209,383,8,1,346,NULL,2014-07-10 16:10:20.320,76.109.112.138,NULL,22,NULL,0,NULL,0,1,NULL,NULL
445,221,407,3,1,390,NULL,2014-07-28 11:46:28.050,41.63.159.42,NULL,22,NULL,0,NULL,0,1,NULL,NULL
446,229,437,3,1,387,NULL,2014-08-12 14:53:39.240,24.60.18.187,NULL,22,NULL,0,NULL,0,1,NULL,NULL
447,229,437,4,1,357,NULL,2014-08-13 13:22:46.950,108.86.172.121,NULL,22,NULL,0,NULL,0,1,NULL,NULL
448,231,NULL,0,0,329,NULL,2014-08-14 02:10:08.720,174.56.158.131,NULL,22,NULL,0,NULL,0,1,,NULL
449,231,448,1,1,387,NULL,2014-08-14 13:03:59.050,24.60.18.187,NULL,22,NULL,0,NULL,0,1,NULL,NULL
450,231,448,3,1,378,NULL,2014-08-14 14:57:13.677,24.173.136.70,2014-08-14 19:13:16.280,22,,0,NULL,0,1,NULL,378
451,231,449,2,2,378,NULL,2014-08-14 15:06:29.213,24.173.136.70,2014-08-14 19:13:52.110,22,,0,NULL,0,1,NULL,378
452,232,NULL,0,0,393,NULL,2014-08-15 15:07:44.817,162.17.64.17,NULL,22,NULL,0,NULL,0,1,,NULL
453,232,452,1,1,34,NULL,2014-08-15 15:20:40.327,24.173.136.70,NULL,22,NULL,0,NULL,0,1,NULL,NULL
454,231,450,5,2,329,NULL,2014-08-17 19:46:46.080,174.56.158.131,NULL,22,NULL,0,NULL,0,1,NULL,NULL
455,231,450,4,2,329,NULL,2014-08-17 20:04:40.863,174.56.158.131,NULL,22,NULL,0,NULL,0,1,NULL,NULL
456,231,448,6,1,378,NULL,2014-08-17 20:43:03.643,70.126.215.244,NULL,22,NULL,0,NULL,0,1,NULL,NULL
457,233,NULL,0,0,192,NULL,2014-08-20 14:16:04.923,108.55.21.87,NULL,22,NULL,0,NULL,0,1,,NULL
458,233,457,1,1,34,NULL,2014-08-20 14:32:56.827,24.173.136.70,NULL,22,NULL,0,NULL,0,1,NULL,NULL
459,233,458,2,2,192,NULL,2014-08-20 15:45:05.363,108.55.21.87,NULL,22,NULL,0,NULL,0,1,NULL,NULL
460,234,NULL,0,0,398,NULL,2014-08-25 20:20:27.757,50.73.7.218,NULL,22,NULL,0,NULL,0,1,,NULL
461,234,460,1,1,34,NULL,2014-08-25 21:15:00.463,24.173.136.70,NULL,22,NULL,0,NULL,0,1,NULL,NULL
462,234,460,2,1,398,NULL,2014-08-25 23:34:39.163,50.73.7.218,NULL,22,NULL,0,NULL,0,1,NULL,NULL
463,235,NULL,0,0,377,NULL,2014-09-05 15:37:25.703,50.154.244.113,NULL,22,NULL,0,NULL,0,1,,NULL
464,236,NULL,0,0,375,NULL,2014-09-05 15:57:20.847,24.231.52.70,NULL,22,NULL,0,NULL,0,1,,NULL
465,235,463,1,1,161,NULL,2014-09-05 20:22:32.710,24.173.136.70,NULL,22,NULL,0,NULL,0,1,NULL,NULL
466,237,NULL,0,0,410,NULL,2014-10-28 05:25:57.710,178.73.210.119,NULL,14,NULL,1,,1,0,,NULL
467,238,NULL,0,0,412,NULL,2014-10-29 10:38:25.617,103.21.55.10,NULL,14,NULL,1,,1,0,,NULL
468,239,NULL,0,0,412,NULL,2014-10-30 11:29:31.670,103.21.55.10,NULL,22,NULL,0,NULL,0,1,,NULL
469,239,468,1,1,378,NULL,2014-10-30 12:44:10.500,24.173.136.70,NULL,22,NULL,0,NULL,0,1,NULL,NULL
470,240,NULL,0,0,413,NULL,2014-11-01 03:16:30.183,71.232.8.248,NULL,22,NULL,0,NULL,0,1,,NULL
471,240,470,1,1,34,NULL,2014-11-01 16:05:54.287,70.193.216.142,NULL,22,NULL,0,NULL,0,1,NULL,NULL
472,240,470,2,1,413,NULL,2014-11-02 18:01:54.337,71.232.8.248,NULL,22,NULL,0,NULL,0,1,NULL,NULL
473,239,468,2,1,412,NULL,2014-11-03 06:51:24.660,103.21.55.10,NULL,22,NULL,0,NULL,0,1,NULL,NULL
474,24,68,2,1,412,NULL,2014-11-03 06:53:10.890,103.21.55.10,NULL,14,NULL,1,,1,0,NULL,NULL
475,24,68,3,1,412,NULL,2014-11-05 06:53:27.683,103.21.55.10,NULL,14,NULL,1,,1,0,NULL,NULL
476,217,397,3,1,419,NULL,2014-12-03 02:18:17.143,125.60.156.239,NULL,14,NULL,1,,1,0,NULL,NULL
477,241,NULL,0,0,421,NULL,2015-01-08 19:00:06.827,198.179.5.251,NULL,22,NULL,0,NULL,0,1,,NULL
478,241,477,1,1,34,NULL,2015-01-08 22:47:22.297,24.173.136.70,NULL,22,NULL,0,NULL,0,1,NULL,NULL
479,242,NULL,0,0,423,NULL,2015-01-09 02:16:39.107,24.145.73.46,NULL,30,NULL,0,,1,1,,NULL
480,243,NULL,0,0,423,NULL,2015-01-09 02:18:48.617,24.145.73.46,NULL,30,NULL,0,,1,1,,NULL
481,244,NULL,0,0,400,NULL,2015-01-11 23:53:13.670,99.108.97.28,NULL,14,NULL,1,,1,0,,NULL
482,245,NULL,0,0,400,NULL,2015-01-11 23:54:38.320,99.108.97.28,NULL,22,NULL,0,NULL,0,1,,NULL
483,246,NULL,0,0,400,NULL,2015-01-11 23:55:56.780,99.108.97.28,NULL,22,NULL,0,NULL,0,1,,NULL
484,247,NULL,0,0,346,NULL,2015-01-14 20:42:45.447,76.109.112.138,NULL,22,NULL,0,NULL,0,1,,NULL
485,247,484,1,1,365,NULL,2015-01-14 21:39:21.263,104.54.105.83,NULL,14,NULL,1,,1,0,NULL,NULL
486,247,484,2,1,365,NULL,2015-01-14 21:56:33.493,104.54.105.83,NULL,22,NULL,0,NULL,0,1,NULL,NULL
487,246,483,1,1,329,NULL,2015-01-15 00:37:35.453,68.59.35.9,NULL,14,NULL,1,,1,0,NULL,NULL
488,245,482,1,1,329,NULL,2015-01-15 00:39:17.467,68.59.35.9,NULL,22,NULL,0,NULL,0,1,NULL,NULL
489,247,484,3,1,299,NULL,2015-01-15 22:05:17.193,107.72.164.81,NULL,22,NULL,0,NULL,0,1,NULL,NULL
490,248,NULL,0,0,426,NULL,2015-01-17 07:22:01.737,108.186.53.136,NULL,14,NULL,1,,1,0,,NULL
491,249,NULL,0,0,426,NULL,2015-01-17 07:30:49.410,192.0.17.141,NULL,14,NULL,1,,1,0,,NULL
492,250,NULL,0,0,430,NULL,2015-02-09 19:08:28.740,72.77.197.100,NULL,22,NULL,0,NULL,0,1,,NULL
493,250,492,1,1,34,NULL,2015-02-11 13:19:33.283,24.173.136.70,NULL,22,NULL,0,NULL,0,1,NULL,NULL
494,250,492,2,1,430,NULL,2015-02-11 13:48:40.013,72.77.197.100,NULL,22,NULL,0,NULL,0,1,NULL,NULL
495,251,NULL,0,0,434,NULL,2015-03-04 02:12:37.323,24.214.47.247,NULL,14,NULL,1,,1,0,,NULL
496,252,NULL,0,0,434,NULL,2015-03-04 02:14:13.303,24.214.47.247,NULL,22,NULL,0,NULL,0,1,,NULL
497,253,NULL,0,0,434,NULL,2015-03-04 02:19:49.570,24.214.47.247,NULL,22,NULL,0,NULL,0,1,,NULL
498,254,NULL,0,0,434,NULL,2015-03-04 02:22:10.487,24.214.47.247,NULL,14,NULL,1,,1,0,,NULL
499,255,NULL,0,0,434,NULL,2015-03-04 02:26:19.400,24.214.47.247,NULL,22,NULL,0,NULL,0,1,,NULL
500,256,NULL,0,0,434,NULL,2015-03-04 02:27:22.797,24.214.47.247,NULL,22,NULL,0,NULL,0,1,,NULL
501,257,NULL,0,0,371,NULL,2015-03-04 14:31:46.157,174.99.15.239,NULL,22,NULL,0,NULL,0,1,,NULL
502,258,NULL,0,0,440,NULL,2015-03-28 17:34:59.790,70.192.213.177,NULL,22,NULL,0,NULL,0,1,,NULL
503,258,502,1,1,329,NULL,2015-03-28 21:35:33.133,76.23.110.145,NULL,22,NULL,0,NULL,0,1,NULL,NULL
504,258,503,2,2,440,NULL,2015-03-29 17:14:07.417,70.192.214.179,NULL,22,NULL,0,NULL,0,1,NULL,NULL
505,256,500,1,1,378,NULL,2015-03-30 11:39:33.877,24.173.136.70,NULL,22,NULL,0,NULL,0,1,NULL,NULL
506,258,502,3,1,329,NULL,2015-03-31 02:32:28.260,73.131.75.12,NULL,22,NULL,0,NULL,0,1,NULL,NULL
507,258,502,4,1,378,NULL,2015-03-31 12:59:01.293,24.173.136.70,NULL,22,NULL,0,NULL,0,1,NULL,NULL
508,259,NULL,0,0,438,NULL,2015-04-03 00:33:52.207,174.48.162.85,NULL,22,NULL,0,NULL,0,1,,NULL
509,259,508,1,1,161,NULL,2015-04-03 14:07:59.567,24.173.136.70,NULL,22,NULL,0,NULL,0,1,NULL,NULL
510,260,NULL,0,0,442,NULL,2015-04-04 21:22:48.460,108.20.26.208,NULL,22,NULL,0,NULL,0,1,,NULL
511,260,510,1,1,346,NULL,2015-04-05 01:41:04.070,76.109.113.39,NULL,22,NULL,0,NULL,0,1,NULL,NULL
512,261,NULL,0,0,443,NULL,2015-04-06 23:25:56.130,50.247.46.26,NULL,22,NULL,0,NULL,0,1,,NULL
513,262,NULL,0,0,443,NULL,2015-04-06 23:29:18.447,50.247.46.26,NULL,22,NULL,0,NULL,0,1,,NULL
514,263,NULL,0,0,447,NULL,2015-04-13 14:34:34.827,173.78.63.190,NULL,22,NULL,0,NULL,0,1,,NULL
515,262,513,1,1,161,NULL,2015-04-13 16:11:36.080,24.173.136.70,NULL,22,NULL,0,NULL,0,1,NULL,NULL
516,247,484,4,1,346,NULL,2015-04-13 19:38:47.903,76.109.112.138,NULL,22,NULL,0,NULL,0,1,NULL,NULL
517,264,NULL,0,0,62,NULL,2015-04-14 04:53:15.737,208.168.242.16,NULL,22,NULL,0,NULL,0,1,,NULL
518,264,517,1,1,34,NULL,2015-04-14 10:53:33.067,24.173.136.70,NULL,22,NULL,0,NULL,0,1,NULL,NULL
519,264,517,2,1,62,NULL,2015-04-16 04:17:38.097,63.136.118.126,NULL,22,NULL,0,NULL,0,1,NULL,NULL
520,265,NULL,0,0,450,NULL,2015-04-18 03:23:26.713,73.55.50.207,2015-04-18 20:00:41.240,22,,0,NULL,0,1,,450
521,265,520,1,1,161,NULL,2015-04-18 15:04:21.070,24.173.136.70,NULL,22,NULL,0,NULL,0,1,NULL,NULL
522,266,NULL,0,0,453,NULL,2015-04-21 16:17:34.967,12.110.164.218,NULL,22,NULL,0,NULL,0,1,,NULL
523,264,517,3,1,430,NULL,2015-05-12 01:03:53.857,72.77.197.100,NULL,22,NULL,0,NULL,0,1,NULL,NULL
524,264,517,4,1,62,NULL,2015-05-12 04:05:00.427,63.136.117.231,NULL,22,NULL,0,NULL,0,1,NULL,NULL
525,267,NULL,0,0,1462,NULL,2015-05-17 12:45:12.347,173.52.103.168,NULL,22,NULL,0,NULL,0,1,,NULL
526,33,96,3,1,1462,NULL,2015-05-17 12:47:15.613,173.52.103.168,NULL,22,NULL,0,NULL,0,1,NULL,NULL
527,268,NULL,0,0,1462,NULL,2015-05-17 12:50:37.317,173.52.103.168,2015-06-01 19:39:14.713,22,,0,NULL,0,1,,1462
528,269,NULL,0,0,1462,NULL,2015-05-17 13:12:23.513,173.52.103.168,NULL,22,NULL,0,NULL,0,1,,NULL
529,270,NULL,0,0,1465,NULL,2015-05-21 18:04:27.617,23.31.31.125,NULL,22,NULL,0,NULL,0,1,,NULL
530,259,508,2,1,1465,NULL,2015-05-21 19:21:41.200,23.31.31.125,NULL,22,NULL,0,NULL,0,1,NULL,NULL
531,259,508,3,1,34,NULL,2015-05-21 21:01:17.820,24.173.136.70,NULL,22,NULL,0,NULL,0,1,NULL,NULL
532,271,NULL,0,0,105,NULL,2015-05-22 21:07:37.610,68.229.239.161,NULL,14,NULL,1,,1,0,,NULL
533,272,NULL,0,0,105,NULL,2015-05-22 21:10:02.933,68.229.239.161,NULL,22,NULL,0,NULL,0,1,,NULL
534,273,NULL,0,0,1471,NULL,2015-06-08 01:02:44.807,107.72.162.86,NULL,22,NULL,0,NULL,0,1,,NULL
535,259,508,4,1,1471,NULL,2015-06-08 01:14:20.737,107.72.162.86,NULL,22,NULL,0,NULL,0,1,NULL,NULL
536,274,NULL,0,0,1472,NULL,2015-06-08 11:51:47.900,24.51.76.138,NULL,22,NULL,0,NULL,0,1,,NULL
537,259,508,5,1,161,NULL,2015-06-08 11:57:42.870,24.173.136.70,NULL,22,NULL,0,NULL,0,1,NULL,NULL
538,262,513,2,1,443,NULL,2015-06-08 14:57:41.560,50.247.46.26,NULL,22,NULL,0,NULL,0,1,NULL,NULL
539,262,513,3,1,161,NULL,2015-06-08 17:05:29.133,24.173.136.70,NULL,22,NULL,0,NULL,0,1,NULL,NULL
540,268,527,1,1,375,NULL,2015-06-10 16:17:29.447,65.75.104.12,NULL,22,NULL,0,NULL,0,1,NULL,NULL
541,259,508,6,1,1476,NULL,2015-06-16 13:52:59.753,67.191.13.113,NULL,22,NULL,0,NULL,0,1,NULL,NULL
542,275,NULL,0,0,1474,NULL,2015-06-19 14:48:28.713,50.243.251.41,2015-08-13 00:26:24.057,22,too many words before,0,NULL,0,1,,1474
543,276,NULL,0,0,1478,NULL,2015-06-25 18:10:34.867,76.109.171.224,NULL,22,NULL,0,NULL,0,1,,NULL
544,245,482,2,1,1479,NULL,2015-06-26 09:33:46.117,46.109.197.124,NULL,22,NULL,0,NULL,0,1,NULL,NULL
545,245,482,3,1,1479,NULL,2015-06-26 09:37:55.823,46.109.197.124,NULL,30,NULL,0,dublicate post,1,1,NULL,NULL
546,245,482,4,1,161,NULL,2015-06-26 14:53:00.937,24.173.136.70,NULL,22,NULL,0,NULL,0,1,NULL,NULL
547,277,NULL,0,0,430,NULL,2015-06-27 00:07:22.493,72.77.197.100,NULL,22,NULL,0,NULL,0,1,,NULL
548,277,547,1,1,357,NULL,2015-06-27 16:00:27.707,108.86.172.121,NULL,22,NULL,0,NULL,0,1,NULL,NULL
549,278,NULL,0,0,424,NULL,2015-07-14 16:30:57.197,65.205.190.115,NULL,30,NULL,0,Duplicate,1,1,,NULL
550,279,NULL,0,0,424,NULL,2015-07-14 16:37:00.590,65.205.190.115,NULL,22,NULL,0,NULL,0,1,,NULL
551,280,NULL,0,0,360,NULL,2015-07-27 15:16:17.400,12.206.29.49,NULL,22,NULL,0,NULL,0,1,,NULL
552,280,551,1,1,1484,NULL,2015-07-30 15:10:59.037,72.17.184.162,NULL,14,NULL,1,,1,0,NULL,NULL
553,280,551,2,1,1484,NULL,2015-07-30 15:15:42.533,72.17.184.162,NULL,14,NULL,1,,1,0,NULL,NULL
554,280,551,3,1,1484,NULL,2015-08-04 18:46:17.317,72.17.184.162,NULL,22,NULL,0,NULL,0,1,NULL,NULL
555,281,NULL,0,0,413,NULL,2015-08-05 13:31:47.853,71.174.87.58,NULL,22,NULL,0,NULL,0,1,,NULL
556,279,550,1,1,430,NULL,2015-08-06 13:46:29.170,72.77.197.100,NULL,22,NULL,0,NULL,0,1,NULL,NULL
557,281,555,1,1,161,NULL,2015-08-06 15:02:18.280,24.173.136.70,NULL,22,NULL,0,NULL,0,1,NULL,NULL
558,279,550,2,1,424,NULL,2015-08-07 11:46:10.003,65.205.190.115,NULL,22,NULL,0,NULL,0,1,NULL,NULL
559,282,NULL,0,0,1476,NULL,2015-08-09 05:00:54.857,67.191.13.113,NULL,22,NULL,0,NULL,0,1,,NULL
560,283,NULL,0,0,1487,NULL,2015-08-09 21:05:22.520,65.75.93.210,NULL,22,NULL,0,NULL,0,1,,NULL
561,284,NULL,0,0,103,NULL,2015-08-25 02:04:20.747,45.18.148.207,NULL,22,NULL,0,NULL,0,1,,NULL
562,284,561,1,1,1490,NULL,2015-08-25 16:19:10.333,170.12.234.159,NULL,22,NULL,0,NULL,0,1,NULL,NULL
563,284,561,2,1,1490,NULL,2015-08-25 16:20:11.560,170.12.234.159,NULL,30,NULL,0,,1,1,NULL,NULL
564,284,561,3,1,103,NULL,2015-08-26 14:38:29.563,23.24.163.197,NULL,22,NULL,0,NULL,0,1,NULL,NULL
565,284,561,4,1,1490,NULL,2015-08-26 19:22:51.173,170.12.234.159,NULL,22,NULL,0,NULL,0,1,NULL,NULL
566,272,533,1,1,346,NULL,2015-08-27 13:44:34.713,76.109.113.39,NULL,22,NULL,0,NULL,0,1,NULL,NULL
567,284,561,5,1,103,NULL,2015-08-27 23:20:09.093,208.54.85.249,NULL,22,NULL,0,NULL,0,1,NULL,NULL
568,272,533,2,1,103,NULL,2015-08-27 23:22:59.623,208.54.85.249,NULL,22,NULL,0,NULL,0,1,NULL,NULL
569,272,533,3,1,161,NULL,2015-08-28 12:31:24.973,24.173.136.70,NULL,22,NULL,0,NULL,0,1,NULL,NULL
570,284,561,6,1,430,NULL,2015-08-28 22:29:00.860,72.77.197.100,NULL,22,NULL,0,NULL,0,1,NULL,NULL
571,284,561,7,1,103,NULL,2015-08-29 11:14:10.957,172.56.27.96,NULL,22,NULL,0,NULL,0,1,NULL,NULL
572,272,533,4,1,105,NULL,2015-09-02 02:43:54.630,68.229.239.161,NULL,22,NULL,0,NULL,0,1,NULL,NULL
573,285,NULL,0,0,1456,NULL,2015-09-02 15:55:17.010,99.57.115.137,NULL,22,NULL,0,NULL,0,1,,NULL
574,285,573,1,1,161,NULL,2015-09-02 17:47:56.447,24.173.136.70,NULL,22,NULL,0,NULL,0,1,NULL,NULL
575,286,NULL,0,0,1494,NULL,2015-09-11 01:30:36.380,98.203.41.201,NULL,30,NULL,0,,1,1,,NULL
576,287,NULL,0,0,1494,NULL,2015-10-16 12:31:48.187,98.203.41.201,NULL,22,NULL,0,NULL,0,1,,NULL
577,288,NULL,0,0,1501,NULL,2015-10-23 02:06:13.810,73.200.255.113,NULL,22,NULL,0,NULL,0,1,,NULL
578,287,576,1,1,430,NULL,2015-11-02 21:33:20.703,71.122.162.8,NULL,22,NULL,0,NULL,0,1,NULL,NULL
579,289,NULL,0,0,405,NULL,2015-11-18 15:27:24.703,181.141.84.90,NULL,22,NULL,0,NULL,0,1,,NULL
580,289,579,1,1,161,NULL,2015-11-19 21:09:27.680,24.173.136.70,NULL,22,NULL,0,NULL,0,1,NULL,NULL
581,290,NULL,0,0,1476,NULL,2015-11-25 17:34:04.220,99.169.216.239,NULL,22,NULL,0,NULL,0,1,,NULL
582,291,NULL,0,0,1465,NULL,2015-12-08 21:26:05.223,23.31.31.125,NULL,22,NULL,0,NULL,0,1,,NULL
583,292,NULL,0,0,1465,NULL,2015-12-08 21:37:41.097,23.31.31.125,NULL,22,NULL,0,NULL,0,1,,NULL
584,292,583,1,1,1475,NULL,2015-12-09 13:59:08.527,81.248.174.115,NULL,22,NULL,0,NULL,0,1,NULL,NULL
585,293,NULL,0,0,306,NULL,2015-12-29 12:04:07.897,174.62.187.174,NULL,22,NULL,0,NULL,0,1,,NULL
586,294,NULL,0,0,346,NULL,2015-12-30 18:03:14.070,76.109.113.39,NULL,22,NULL,0,NULL,0,1,,NULL
587,294,586,1,1,1484,NULL,2015-12-31 18:26:45.593,73.49.54.165,NULL,22,NULL,0,NULL,0,1,NULL,NULL
588,295,NULL,0,0,1506,NULL,2016-01-01 19:45:31.180,73.54.47.115,NULL,22,NULL,0,NULL,0,1,,NULL
589,296,NULL,0,0,1482,NULL,2016-01-02 19:34:04.373,66.176.85.212,NULL,22,NULL,0,NULL,0,1,,NULL
590,297,NULL,0,0,1508,NULL,2016-01-08 05:54:36.837,209.107.204.113,NULL,14,NULL,1,,1,0,,NULL
591,298,NULL,0,0,330,NULL,2016-01-13 18:40:29.050,50.250.69.33,NULL,22,NULL,0,NULL,0,1,,NULL
592,299,NULL,0,0,1515,NULL,2016-02-20 01:39:41.043,160.16.217.15,NULL,14,NULL,1,,1,0,,NULL
593,300,NULL,0,0,1515,NULL,2016-02-20 01:40:59.320,160.16.217.15,NULL,14,NULL,1,,1,0,,NULL
594,301,NULL,0,0,1476,NULL,2016-03-09 23:59:19.580,99.169.216.239,NULL,22,NULL,0,NULL,0,1,,NULL
595,217,397,4,1,1517,NULL,2016-03-18 05:12:24.130,121.54.44.94,NULL,22,NULL,0,NULL,0,1,NULL,NULL
596,302,NULL,0,0,1518,NULL,2016-03-29 02:49:09.003,186.2.144.154,NULL,22,NULL,0,NULL,0,1,,NULL
597,302,596,1,1,430,NULL,2016-03-29 21:48:02.677,108.33.26.219,NULL,22,NULL,0,NULL,0,1,NULL,NULL
598,293,585,1,1,1519,NULL,2016-04-03 11:37:48.373,24.51.73.223,NULL,22,NULL,0,NULL,0,1,NULL,NULL
599,293,585,2,1,1519,NULL,2016-04-03 11:49:11.340,24.51.73.223,NULL,30,NULL,0,Double post ,1,1,NULL,NULL
600,293,585,3,1,306,NULL,2016-04-03 15:51:15.487,107.3.102.219,NULL,22,NULL,0,NULL,0,1,NULL,NULL
601,293,585,4,1,1476,NULL,2016-04-04 22:08:09.680,99.169.216.239,NULL,22,NULL,0,NULL,0,1,NULL,NULL
602,290,581,1,1,1521,NULL,2016-04-05 17:31:42.113,75.136.115.200,NULL,22,NULL,0,NULL,0,1,NULL,NULL
603,296,589,1,1,1521,NULL,2016-04-05 17:37:57.563,75.136.115.200,NULL,22,NULL,0,NULL,0,1,NULL,NULL
604,303,NULL,0,0,1523,NULL,2016-04-05 22:05:22.010,98.116.63.234,NULL,22,NULL,0,NULL,0,1,,NULL
605,293,585,5,1,356,NULL,2016-04-06 01:31:25.910,104.186.72.253,NULL,22,NULL,0,NULL,0,1,NULL,NULL
606,293,585,6,1,1519,NULL,2016-04-06 13:04:27.203,108.60.227.33,NULL,22,NULL,0,NULL,0,1,NULL,NULL
607,304,NULL,0,0,445,NULL,2016-04-06 14:17:26.150,204.153.16.62,NULL,14,NULL,1,,1,0,,NULL
608,305,NULL,0,0,445,NULL,2016-04-06 15:32:02.490,204.153.16.62,NULL,14,NULL,1,,1,0,,NULL
609,306,NULL,0,0,445,NULL,2016-04-06 15:34:58.403,204.153.16.62,2016-04-20 15:53:40.843,22,,0,NULL,0,1,,445
610,303,604,1,1,1476,NULL,2016-04-07 16:06:54.507,99.169.216.239,NULL,22,NULL,0,NULL,0,1,NULL,NULL
611,290,581,2,1,1476,NULL,2016-04-07 16:12:48.260,99.169.216.239,NULL,22,NULL,0,NULL,0,1,NULL,NULL
612,307,NULL,0,0,445,NULL,2016-04-07 17:58:02.473,204.153.16.62,NULL,22,NULL,0,NULL,0,1,,NULL
613,307,612,1,1,1482,NULL,2016-04-09 03:11:21.993,66.176.85.212,NULL,22,NULL,0,NULL,0,1,NULL,NULL
614,308,NULL,0,0,341,NULL,2016-04-14 15:47:50.277,74.84.111.70,NULL,22,NULL,0,NULL,0,1,,NULL
615,308,614,1,1,1521,NULL,2016-04-14 21:54:34.077,75.136.115.200,NULL,22,NULL,0,NULL,0,1,NULL,NULL
616,309,NULL,0,0,1529,NULL,2016-04-22 01:56:32.690,24.196.172.14,NULL,22,NULL,0,NULL,0,1,,NULL
617,310,NULL,0,0,1529,NULL,2016-04-22 01:58:53.840,24.196.172.14,NULL,22,NULL,0,NULL,0,1,,NULL
618,306,609,1,1,445,NULL,2016-04-22 14:47:40.903,198.134.2.62,NULL,22,NULL,0,NULL,0,1,NULL,NULL
619,311,NULL,0,0,430,NULL,2016-04-25 13:36:31.643,108.33.26.219,NULL,22,NULL,0,NULL,0,1,,NULL
620,310,617,1,1,261,NULL,2016-04-25 18:54:09.293,174.61.42.50,NULL,22,NULL,0,NULL,0,1,NULL,NULL
621,311,619,1,1,1510,NULL,2016-04-26 12:36:43.993,107.77.64.77,NULL,22,NULL,0,NULL,0,1,NULL,NULL
622,309,616,1,1,1495,NULL,2016-04-29 14:21:24.060,64.150.249.198,NULL,22,NULL,0,NULL,0,1,NULL,NULL
623,310,617,2,1,1529,NULL,2016-05-02 14:13:56.747,72.250.228.108,NULL,22,NULL,0,NULL,0,1,NULL,NULL
624,295,588,1,1,1529,NULL,2016-05-02 14:15:43.980,72.250.228.108,NULL,22,NULL,0,NULL,0,1,NULL,NULL
625,309,616,2,1,1529,NULL,2016-05-04 02:08:30.177,24.196.172.14,NULL,22,NULL,0,NULL,0,1,NULL,NULL
626,312,NULL,0,0,1532,NULL,2016-05-11 09:54:10.727,117.99.164.241,NULL,14,NULL,1,,1,0,,NULL
627,313,NULL,0,0,1532,NULL,2016-05-11 10:11:41.083,117.99.164.241,NULL,30,NULL,1,,1,1,,NULL
628,314,NULL,0,0,1536,NULL,2016-05-30 01:08:34.727,173.82.80.62,NULL,14,NULL,1,,1,0,,NULL
629,315,NULL,0,0,421,NULL,2016-06-01 23:12:01.970,174.61.5.130,NULL,22,NULL,0,NULL,0,1,,NULL
630,315,629,1,1,1482,NULL,2016-06-03 21:44:28.087,107.72.162.46,NULL,22,NULL,0,NULL,0,1,NULL,NULL
631,315,629,2,1,34,NULL,2016-06-04 00:13:05.440,96.58.85.63,NULL,22,NULL,0,NULL,0,1,NULL,NULL
632,315,629,3,1,1456,NULL,2016-06-06 13:47:18.227,99.57.115.137,NULL,22,NULL,0,NULL,0,1,NULL,NULL
633,316,NULL,0,0,1539,NULL,2016-06-08 15:06:41.320,99.118.244.197,NULL,22,NULL,0,NULL,0,1,,NULL
634,317,NULL,0,0,1540,NULL,2016-06-08 22:03:20.157,166.137.246.49,NULL,22,NULL,0,NULL,0,1,,NULL
635,245,482,5,1,1541,NULL,2016-06-13 03:43:57.663,76.26.58.65,NULL,22,NULL,0,NULL,0,1,NULL,NULL
636,318,NULL,0,0,1545,NULL,2016-06-27 09:05:47.363,106.186.22.110,NULL,14,NULL,1,,1,0,,NULL
637,319,NULL,0,0,1544,NULL,2016-06-28 05:50:34.303,27.115.60.114,NULL,14,NULL,1,,1,0,,NULL
638,320,NULL,0,0,1544,NULL,2016-06-28 07:06:41.537,27.115.60.114,NULL,14,NULL,1,,1,0,,NULL
639,321,NULL,0,0,1546,NULL,2016-07-03 14:13:36.490,73.163.9.197,NULL,22,NULL,0,NULL,0,1,,NULL
640,322,NULL,0,0,1544,NULL,2016-07-05 02:31:16.020,27.115.60.114,NULL,14,NULL,1,,1,0,,NULL
641,323,NULL,0,0,1544,NULL,2016-07-05 02:40:55.437,27.115.60.114,NULL,14,NULL,1,,1,0,,NULL
642,324,NULL,0,0,1519,NULL,2016-07-06 12:02:22.530,108.60.227.32,NULL,22,NULL,0,NULL,0,1,,NULL
643,324,642,1,1,1504,NULL,2016-07-06 13:57:59.587,207.30.98.100,NULL,22,NULL,0,NULL,0,1,NULL,NULL
644,324,642,2,1,1519,NULL,2016-07-07 21:54:41.740,24.51.73.237,NULL,22,NULL,0,NULL,0,1,NULL,NULL
645,325,NULL,0,0,1480,NULL,2016-07-07 22:31:54.270,108.239.250.5,NULL,22,NULL,0,NULL,0,1,,NULL
646,324,642,3,1,1480,NULL,2016-07-07 22:51:29.210,108.239.250.5,NULL,22,NULL,0,NULL,0,1,NULL,NULL
647,326,NULL,0,0,1536,NULL,2016-07-08 00:44:25.300,173.82.80.62,NULL,14,NULL,1,,1,0,,NULL
648,327,NULL,0,0,1536,NULL,2016-07-08 00:45:33.280,173.82.80.62,NULL,14,NULL,1,,1,0,,NULL
649,328,NULL,0,0,1544,NULL,2016-07-08 04:03:08.173,27.115.60.114,NULL,14,NULL,1,,1,0,,NULL
650,329,NULL,0,0,1547,NULL,2016-07-08 05:15:28.313,111.93.250.130,NULL,14,NULL,1,,1,0,,NULL
651,245,482,6,1,1533,NULL,2016-07-10 14:00:35.077,66.31.170.123,NULL,22,NULL,0,NULL,0,1,NULL,NULL
652,330,NULL,0,0,1544,NULL,2016-07-11 03:49:13.333,27.115.60.114,NULL,14,NULL,1,,1,0,,NULL
653,331,NULL,0,0,1544,NULL,2016-07-11 03:50:38.267,27.115.60.114,NULL,14,NULL,1,,1,0,,NULL
654,332,NULL,0,0,1544,NULL,2016-07-11 03:52:21.597,27.115.60.114,NULL,14,NULL,1,,1,0,,NULL
655,333,NULL,0,0,1544,NULL,2016-07-12 05:23:04.660,27.115.60.114,NULL,14,NULL,1,,1,0,,NULL
656,334,NULL,0,0,1544,NULL,2016-07-13 05:40:29.490,27.115.60.114,NULL,14,NULL,1,,1,0,,NULL
657,335,NULL,0,0,1544,NULL,2016-07-14 07:31:26.900,104.148.37.8,NULL,14,NULL,1,,1,0,,NULL
658,336,NULL,0,0,1544,NULL,2016-07-15 01:29:23.493,27.115.60.114,NULL,14,NULL,1,,1,0,,NULL
659,337,NULL,0,0,1544,NULL,2016-07-15 01:31:13.863,27.115.60.114,NULL,14,NULL,1,,1,0,,NULL
660,338,NULL,0,0,1544,NULL,2016-07-18 00:44:35.973,27.115.60.114,NULL,14,NULL,1,,1,0,,NULL
661,339,NULL,0,0,1544,NULL,2016-07-18 03:46:23.577,27.115.60.114,NULL,14,NULL,1,,1,0,,NULL
662,340,NULL,0,0,1544,NULL,2016-07-20 09:47:18.017,198.98.108.91,NULL,14,NULL,1,,1,0,,NULL
663,341,NULL,0,0,1541,NULL,2016-07-20 19:05:10.430,76.26.58.65,NULL,22,NULL,0,NULL,0,1,,NULL
664,342,NULL,0,0,1536,NULL,2016-07-21 01:37:31.637,173.82.80.62,NULL,14,NULL,1,,1,0,,NULL
665,343,NULL,0,0,1536,NULL,2016-07-21 01:38:32.020,173.82.80.62,NULL,14,NULL,1,,1,0,,NULL
666,63,170,1,1,1552,NULL,2016-08-07 23:29:49.590,99.159.240.184,NULL,22,NULL,0,NULL,0,1,NULL,NULL
667,259,508,7,1,329,NULL,2016-08-09 20:10:13.047,50.76.198.186,NULL,22,NULL,0,NULL,0,1,NULL,NULL
668,344,NULL,0,0,1552,NULL,2016-08-10 19:26:33.787,165.225.34.89,NULL,22,NULL,0,NULL,0,1,,NULL
669,345,NULL,0,0,1544,NULL,2016-08-12 03:56:07.013,27.115.60.114,NULL,14,NULL,1,,1,0,,NULL
670,346,NULL,0,0,1544,NULL,2016-08-15 01:09:37.360,106.185.52.191,NULL,14,NULL,1,,1,0,,NULL
671,347,NULL,0,0,1555,NULL,2016-08-25 21:54:09.990,166.137.126.46,NULL,22,NULL,0,NULL,0,1,,NULL
672,347,671,1,1,430,NULL,2016-08-26 13:19:36.717,72.64.235.94,NULL,22,NULL,0,NULL,0,1,NULL,NULL
673,348,NULL,0,0,1556,NULL,2016-08-27 22:31:15.220,67.175.20.59,NULL,22,NULL,0,NULL,0,1,,NULL
674,349,NULL,0,0,1544,NULL,2016-09-02 02:55:38.607,106.185.49.74,NULL,14,NULL,1,,1,0,,NULL
675,350,NULL,0,0,1536,NULL,2016-09-07 06:33:02.437,23.244.164.223,NULL,14,NULL,1,,1,0,,NULL
676,351,NULL,0,0,1544,NULL,2016-09-08 10:10:13.480,139.162.176.133,NULL,14,NULL,1,,1,0,,NULL
677,352,NULL,0,0,1562,NULL,2016-09-14 06:56:26.580,173.255.254.150,NULL,14,NULL,1,,1,0,,NULL
678,353,NULL,0,0,1562,NULL,2016-09-14 06:58:44.610,173.255.254.150,NULL,14,NULL,1,,1,0,,NULL
679,354,NULL,0,0,1565,NULL,2016-09-19 11:29:04.697,1.52.48.90,NULL,14,NULL,1,,1,0,,NULL
680,355,NULL,0,0,1565,NULL,2016-09-19 11:33:08.693,1.52.48.90,NULL,14,NULL,1,,1,0,,NULL
681,356,NULL,0,0,1544,NULL,2016-09-20 02:05:28.750,104.148.37.209,NULL,14,NULL,1,,1,0,,NULL
682,357,NULL,0,0,1544,NULL,2016-09-20 03:56:46.580,104.148.37.209,NULL,14,NULL,1,,1,0,,NULL
683,316,633,1,1,1571,NULL,2016-09-27 16:28:34.513,94.240.170.237,NULL,22,NULL,0,NULL,0,1,NULL,NULL
684,316,633,2,1,1571,NULL,2016-09-27 16:30:03.657,94.240.170.237,NULL,22,NULL,0,NULL,0,1,NULL,NULL
